,AAPL,AAPL,AAPL,AAPL,AAPL,AAPL,AAPL,MSFT,MSFT,MSFT,MSFT,MSFT,MSFT,MSFT,PFE,PFE,PFE,PFE,PFE,PFE,PFE,DIS,DIS,DIS,DIS,DIS,DIS,DIS,DJIA,DJIA,DJIA,DJIA,DJIA,DJIA,DJIA
,open,high,low,close,volume,trade_count,vwap,open,high,low,close,volume,trade_count,vwap,open,high,low,close,volume,trade_count,vwap,open,high,low,close,volume,trade_count,vwap,open,high,low,close,volume,trade_count,vwap
2022-02-24,152.58,162.85,152.0,650.04,141258414,1383835,158.018049,272.51,295.16,271.52,294.59,57209360,809375,285.485466,45.86,46.755,45.59,45.6128,16042976,113168,46.101152,140.0,149.57,140.0,149.4,12449572,190450,145.726019,23.78,24.02,23.65,24.02,22738,52,23.76993
2022-02-25,163.78,165.12,160.8738,659.4,87680902,768624,163.788661,295.185,297.62,291.655,297.31,31040429,489754,295.702993,45.81,48.03,45.74,47.72,30004122,176461,47.506506,149.56,150.28,147.22,149.53,9677173,125585,149.054607,24.41,24.5814,24.19,24.5814,26826,172,24.27501
2022-02-28,163.06,165.42,162.43,660.48,90547539,743310,164.274417,294.31,299.14,293.0,298.79,32985981,420204,296.569539,46.82,47.17,46.34,46.94,33849345,170565,46.812708,147.83,149.48,146.46,148.46,10443190,118442,148.079387,24.67,24.67,24.44,24.5981,4076,113,24.53506
2022-03-01,164.695,166.6,161.97,652.8,79455454,701957,164.167482,296.4,299.97,292.15,294.95,29765710,433927,295.854916,46.69,47.1368,45.44,45.75,28389358,174597,45.984163,147.86,148.146,143.779,145.7,8494450,129582,145.762479,24.78,24.78,24.22,24.2721,8225,107,24.338157
2022-03-02,164.39,167.36,162.95,666.24,76135254,631927,165.810466,295.36,301.44,293.698,300.19,30332595,497975,298.870515,46.11,47.93,46.0,47.7,35053278,202478,47.434478,146.31,148.465,145.92,147.34,7516010,110441,147.446804,24.65,24.71,24.4198,24.66,14268,123,24.555496
2022-03-03,168.47,168.91,165.55,664.92,73779442,622341,166.927454,302.89,303.13,294.05,295.92,26200571,386255,297.477721,47.68,48.585,47.48,47.83,29617414,188352,47.964999,147.31,148.65,144.45,145.57,7740742,109343,145.784567,24.77,24.78,24.56,24.5852,10576,189,24.669902
2022-03-04,164.49,165.55,162.1,652.68,80761684,710586,163.402599,294.29,295.66,287.165,289.86,31208173,513154,289.977581,47.5,48.765,47.41,48.65,31433957,195568,48.411359,144.01,144.26,139.55,140.72,12390079,198853,140.768061,24.4599,24.54,24.32,24.5252,38136,275,24.42002
2022-03-07,163.36,165.02,159.04,637.2,92893526,803961,161.40379,288.53,289.69,278.53,278.91,41736803,642285,281.667713,48.25,48.84,47.515,47.98,31556860,174838,48.075212,140.28,140.89,133.44,133.5,14056460,214088,135.392408,24.34,24.34,24.0515,24.0515,6482,168,24.273022
2022-03-08,158.82,162.88,155.8,629.76,126458822,1084485,158.771695,277.8,283.96,270.0,275.85,46348347,666110,276.566533,47.55,48.4182,46.465,47.44,30999720,196640,47.482778,133.02,135.485,129.29,131.75,15939353,227970,132.142783,24.15,24.2,23.92,23.935,10962,147,24.006107
2022-03-09,161.475,163.41,159.41,651.8,87920209,694345,161.949231,283.44,289.6,280.78,288.5,33694771,476601,286.224704,48.13,49.22,48.0,48.75,23255948,154528,48.71737,135.49,135.5,133.36,133.65,13929622,177561,134.191478,24.21,24.48,24.21,24.21,16347,138,24.334882
2022-03-10,160.2,160.39,155.98,634.08,103541308,859530,158.031294,283.02,286.6,280.58,285.59,29498289,446996,283.980042,48.305,49.29,48.05,49.2,23665924,142530,48.860728,132.43,134.2,131.62,133.64,8275952,137515,133.054532,24.145,24.365,24.145,24.3635,11721,131,24.255388
2022-03-11,158.93,159.28,154.5,618.92,94382406,847706,156.164846,287.96,289.51,279.43,280.07,26376514,402780,283.716536,49.14,50.9,48.9425,50.27,32878231,198426,50.301042,135.08,136.16,131.57,131.75,6861870,112643,133.283637,24.52,24.55,24.2185,24.2185,8452,148,24.431757
2022-03-14,151.45,154.12,150.1,602.48,105717687,936066,151.690522,280.34,285.3992,275.82,276.44,29357508,413400,279.735597,50.72,52.91,50.39,52.25,41281613,256211,52.174871,130.99,133.07,128.38,129.03,9620587,145479,129.955003,24.4195,24.5,24.205,24.2098,3910,98,24.377218
2022-03-15,150.9,155.565,150.38,620.36,91228191,701316,153.470869,280.35,287.82,278.725,287.15,33386352,489838,284.062859,52.6968,52.92,51.18,52.21,29247992,191369,52.037043,129.74,134.56,129.51,134.2,9608227,121765,133.087037,24.45,24.69,24.3106,24.6497,8931,122,24.509471
2022-03-16,157.05,160.0,154.46,638.36,98816624,793597,157.661798,289.11,294.57,283.2,294.39,36642309,506624,290.76988,52.54,53.27,52.18,52.92,28739142,200769,52.724386,135.65,138.98,134.94,138.14,10254000,143954,137.421281,24.9527,25.01,24.6887,25.0014,9223,170,24.855959
2022-03-17,158.61,161.0,157.63,642.48,73839492,609066,159.425079,293.29,295.61,289.37,295.22,29904272,416415,293.183231,52.92,54.25,52.79,54.24,30040998,179692,53.954573,137.44,139.47,136.56,139.47,6635505,102169,138.44784,25.045,25.2895,24.97,25.2895,12766,142,25.073114
2022-03-18,160.51,164.48,159.76,655.92,123092524,696321,162.599316,295.37,300.99,292.73,300.43,42681005,403872,297.951259,54.38,55.0,53.705,54.51,51327444,195788,54.316153,139.55,140.725,138.3,140.3,11113706,110008,140.069668,25.22,25.54,25.22,25.5326,10046,118,25.288341
2022-03-21,163.51,166.35,163.015,661.52,94265392,703009,164.736717,298.89,300.14,294.9,299.16,27665277,422808,297.871745,54.24,55.3,53.9,54.19,33998416,195245,54.372192,138.9,139.3,136.88,138.62,8949532,130771,138.262001,25.73,25.77,25.35,25.6299,21489,297,25.546947
2022-03-22,165.51,169.42,164.91,675.28,80412309,627260,168.227272,299.8,305.0,298.77,304.06,27194404,395630,303.129464,54.2,54.32,52.495,53.04,31871643,199357,53.027563,139.06,142.19,138.9,140.11,8365427,107157,140.645252,25.91,25.91,25.3,25.47,52090,289,25.426287
2022-03-23,167.99,172.64,167.65,680.84,96898461,771180,170.7874,300.69,303.23,297.7201,299.49,25321621,351868,300.582102,53.02,53.5,52.155,52.19,28844002,172152,52.551826,139.07,139.76,137.54,137.64,8630699,111205,138.571138,25.27,25.56,25.1701,25.232,10490,181,25.311447
2022-03-24,171.06,174.14,170.21,696.28,88989246,676433,172.263675,299.14,304.2,298.315,304.1,24010405,309489,301.847779,52.54,52.845,52.29,52.59,24901461,133590,52.578417,138.58,139.2699,137.41,138.96,5779732,88627,138.549493,25.35,25.41,25.34,25.395,22272,189,25.388556
2022-03-25,173.88,175.28,172.75,698.88,79861883,657579,174.023699,305.23,305.5,299.2855,303.68,22380012,336098,302.502535,52.74,53.25,52.51,52.78,17285349,129461,52.804764,139.28,140.38,138.12,139.14,5905284,88243,139.103876,25.92,25.92,25.22,25.3151,19199,260,25.404993
2022-03-28,172.17,175.73,172.0,702.4,168579557,1375541,174.339678,304.33,310.8,304.33,310.7,57447113,711073,308.890743,52.53,53.56,52.5,53.28,40502442,241441,53.182401,138.88,139.6274,136.2816,138.72,16035235,251959,137.859832,25.5,25.5,25.2,25.36,44515,460,25.306522
2022-03-29,176.69,179.01,176.34,715.84,100696426,777343,177.853078,313.91,315.82,309.05,315.41,30413265,423782,313.275189,54.0,54.08,52.62,52.74,39982501,212505,53.047264,140.96,144.46,140.96,142.38,11297499,147597,142.593047,25.7,25.7,25.3501,25.49,40318,396,25.473711
2022-03-30,178.55,179.61,176.7,711.08,92758154,695865,178.119257,313.76,315.95,311.58,313.86,28163555,340160,313.713418,53.2,53.7199,51.9701,52.44,48086504,301120,52.549365,141.31,143.2675,140.08,140.96,15815727,228851,141.603493,25.6,25.6,25.42,25.42,50070,418,25.460684
2022-03-31,177.84,178.03,174.4,698.44,102626094,710882,175.877573,313.9,315.14,307.89,308.31,33255433,351808,310.418896,52.0,52.875,51.74,51.77,25976302,144334,52.098207,140.14,140.88,137.11,137.16,12284640,155883,138.514158,25.6,25.6,25.33,25.35,13828,221,25.439799
2022-04-01,174.03,174.88,171.94,697.24,79064404,659177,173.413361,309.37,310.13,305.54,309.42,27035599,313495,308.048886,52.12,52.16,51.1,51.57,18994959,129913,51.413381,137.34,138.1,135.53,137.0,10323140,147762,136.941576,25.59,25.59,25.33,25.3785,19543,197,25.429644
2022-04-04,174.57,178.49,174.44,713.76,76407012,628282,177.485526,310.09,315.11,309.71,314.97,24270782,298653,313.755361,51.78,51.87,50.37,50.94,20456129,132110,50.926041,136.97,139.261,136.89,138.58,8170996,120764,138.309639,25.58,25.58,25.38,25.46,24585,262,25.441579
2022-04-05,177.5,178.3,174.415,700.24,73137249,617535,175.977573,313.27,314.865,309.87,310.88,23043424,309787,311.797558,50.81,52.15,50.75,51.24,21111471,140522,51.466249,137.74,139.2,135.13,135.62,8675404,136206,136.087965,25.46,25.55,25.41,25.4115,26348,220,25.49705
2022-04-06,172.36,173.63,170.13,686.4,81142731,763312,171.781265,305.19,307.0,296.71,299.4,35635336,544359,300.584478,51.16,53.09,51.16,52.87,31573739,176370,52.402689,133.75,133.93,130.81,132.57,11629371,179266,132.13612,25.35,25.3703,25.22,25.3419,11043,183,25.292747
2022-04-07,171.16,173.36,169.85,688.68,72664182,620303,171.781039,296.66,303.65,296.35,301.37,28561404,354844,300.879378,52.5,55.41,52.5,55.16,36118210,217004,54.590196,133.01,133.21,130.02,131.87,9792965,150640,131.459197,25.38,25.48,25.2614,25.44,13643,157,25.375639
2022-04-08,171.78,171.78,169.2,680.36,76018712,611473,170.518499,300.44,301.12,296.28,296.97,24269578,306584,298.283426,54.85,55.58,54.46,55.17,24548316,161139,55.085137,132.0,133.12,130.63,131.87,6685664,97828,132.007648,25.44,25.539,25.41,25.4952,13789,212,25.486375
2022-04-11,168.71,169.03,165.5,663.16,66162444,672623,166.772881,291.79,292.61,285.0,285.26,34543387,498729,286.83503,55.46,56.32,53.775,53.93,22001813,156925,54.393518,130.04,132.43,130.04,130.65,9892079,130961,131.090419,25.4,25.53,25.36,25.37,21892,265,25.447636
2022-04-12,168.02,169.87,166.64,670.64,78962517,673383,168.091826,289.235,290.739,280.49,282.06,30822472,432448,284.966303,53.3,53.93,52.645,53.11,22752998,144544,53.180388,131.81,133.21,130.1528,130.84,7828618,112062,131.47784,25.56,25.56,25.315,25.3215,39814,244,25.455757
2022-04-13,167.39,171.04,166.77,681.6,70321800,553562,169.6796,282.73,288.58,281.3,287.62,21775922,287849,285.821697,53.13,53.82,52.7,53.1,15701457,112551,53.106946,131.05,132.89,130.75,132.35,7653480,102261,132.248019,25.44,25.56,25.3699,25.5552,22687,186,25.497833
2022-04-14,170.62,171.27,165.04,661.16,75426541,594909,167.211381,288.09,288.305,279.32,279.83,28136691,379998,282.372072,53.4,53.9094,53.04,53.12,17189957,111905,53.326514,132.81,133.59,130.35,130.47,7272114,101490,131.280713,25.55,25.73,25.5,25.5,20330,344,25.568972
2022-04-18,163.92,166.5984,163.57,660.28,68843424,574580,164.928106,278.91,282.46,278.34,280.52,20725038,297668,280.179886,52.8301,53.11,51.63,51.84,17020967,116410,51.998777,130.07,130.22,126.82,127.77,10545254,164265,128.127018,25.3,25.33,25.2,25.29,25750,366,25.272738
2022-04-19,165.02,167.82,163.91,669.6,67566065,546660,166.54843,279.38,286.17,278.41,285.3,22221396,310834,283.747304,51.66,51.88,49.37,50.18,33381289,206223,50.410039,128.09,133.19,127.79,131.9,12741984,170315,130.802492,25.38,25.48,25.3,25.43,15415,238,25.418267
2022-04-20,168.76,168.88,166.1,668.92,67515353,590666,167.349497,289.38,289.7,285.3702,286.36,22752194,310940,286.990779,50.0,50.16,49.21,49.75,24667386,159203,49.647405,126.05,127.35,124.1104,124.57,36389677,431553,125.683134,25.545,25.59,25.5,25.51,56850,393,25.553046
2022-04-21,168.91,171.53,165.91,665.68,86895494,748146,168.808299,288.58,293.3,280.06,280.81,29295674,408092,285.602204,49.93,50.01,48.92,49.11,19008502,137449,49.280277,125.54,126.45,121.28,121.66,18631723,244216,123.598203,25.68,25.68,25.35,25.48,30226,354,25.559086
2022-04-22,166.46,167.8699,161.5,647.16,84550744,725782,164.231066,281.68,283.2,273.38,274.03,29214845,449632,277.065979,48.95,49.1,47.9,48.13,22096337,142829,48.278697,120.01,121.89,118.15,118.27,19425261,234049,119.392609,25.47,25.47,24.84,24.99,34449,579,25.194368
2022-04-25,161.12,163.17,158.46,651.52,95512656,917700,160.699275,273.29,281.11,270.77,280.72,35442972,502608,276.913262,47.85,49.19,47.12,48.95,27247030,182692,48.333143,117.66,120.33,116.75,119.95,16399737,199831,118.644134,24.69,25.05,24.66,25.05,24471,376,24.799854
2022-04-26,162.25,162.34,156.72,627.2,95152167,894577,158.608947,277.5,278.3599,270.0,270.22,46312786,698272,273.105528,48.99,50.25,48.92,49.03,25253220,174918,49.360377,119.15,119.15,115.64,115.77,16059075,202645,116.658013,25.08,25.08,24.53,24.67,28594,452,24.798734
2022-04-27,155.91,159.79,155.38,626.28,87338677,770086,157.44546,282.1,290.97,279.16,283.22,63045776,816714,285.168411,49.11,49.91,48.21,49.74,25623128,175278,49.450274,115.43,116.9,113.39,115.21,15468766,196908,115.325897,24.82,24.9,24.565,24.7,54538,403,24.786599
2022-04-28,159.25,164.515,158.93,654.56,129603996,1117438,161.860143,285.185,290.98,281.4562,289.63,33415185,443000,286.92832,50.44,50.7699,49.485,50.51,28023465,182908,50.247422,115.22,116.0,112.69,115.29,23096155,244174,114.737869,24.8,25.085,24.66,24.98,32224,210,24.986935
2022-04-29,161.84,166.2,157.25,630.6,131255205,1026986,160.720803,288.61,289.88,276.5,277.52,36577414,471884,281.528434,49.87,50.335,49.0,49.07,28225506,161645,49.316803,115.2,115.9899,111.36,111.63,16832173,197597,113.088479,25.04,25.04,24.4,24.4,33454,410,24.678795
2022-05-02,156.71,158.23,153.27,631.84,122281905,1145056,156.036188,277.71,284.94,276.22,284.47,34898045,496077,280.827908,47.68,48.76,47.46,48.34,35958200,199220,48.195095,111.71,113.6601,111.01,113.5,14205266,174137,112.298969,24.4,24.4786,24.05,24.38,69473,467,24.226732
2022-05-03,158.15,160.71,156.32,637.92,88471594,701190,158.800218,283.96,284.13,280.15,281.78,25800676,349284,281.991635,48.87,50.04,47.7,49.29,33550726,210611,49.084974,114.05,114.83,112.69,113.55,11094255,131905,113.656521,24.67,24.67,24.4,24.48,15953,239,24.543685
2022-05-04,159.67,166.48,159.26,664.08,107242919,862090,162.430777,282.59,290.86,276.73,289.98,33192926,452312,284.086647,48.89,49.87,47.91,49.66,28269347,169617,49.158707,113.37,116.44,111.83,116.19,11362516,146850,114.0123,24.74,25.1298,24.5,25.04,54782,221,24.934819
2022-05-05,163.85,164.08,154.95,627.08,129546580,1151920,158.153343,285.54,286.35,274.34,277.35,42862695,586229,277.803525,49.46,49.55,47.55,48.45,28047012,191133,48.470803,114.74,115.27,111.48,112.61,12625319,181841,112.774168,25.11,25.11,24.2,24.49,45700,429,24.591455
2022-05-06,156.01,159.44,154.18,629.12,115843516,1015159,157.32809,274.805,279.25,271.27,274.73,37489286,530917,274.94209,48.09,49.215,48.04,49.04,19743791,143056,48.773427,111.77,112.09,108.3,110.29,12438819,181043,110.249466,24.6,24.6,24.066,24.33,55481,396,24.31974
2022-05-09,154.925,155.83,151.49,608.24,120855893,1088010,153.185379,270.06,272.36,263.32,264.58,47117657,638312,266.340703,48.38,49.17,47.77,48.64,24687819,180401,48.615046,108.11,110.74,106.48,106.98,17748956,251885,107.996615,24.47,24.47,23.91,23.91,33022,415,24.128961
2022-05-10,155.52,156.74,152.93,618.04,114451685,977841,154.837895,271.69,273.75,265.07,269.5,38922178,519322,269.873054,49.04,49.9,48.685,49.49,27034109,181678,49.279921,109.835,110.7,106.1447,107.68,15554079,197143,107.947775,24.38,24.38,23.7,23.83,50831,362,24.060883
2022-05-11,153.5,155.45,145.81,586.0,142218196,1296198,149.443557,265.68,271.36,259.3,260.55,48495243,624131,263.219617,49.07,50.235,49.03,49.45,29394975,195471,49.555845,107.9,110.07,104.79,105.21,26772196,337723,106.592669,23.96,24.208,23.685,23.7,32330,284,23.931073
2022-05-12,142.77,146.19,138.8,570.24,181541470,1661511,142.06941,257.69,259.88,250.02,255.35,50655611,708752,254.769572,49.0,50.43,48.72,50.39,33047609,196824,49.789729,102.9,105.0,99.47,104.31,36206527,412614,102.761301,23.57,23.71,23.26,23.55,12300,331,23.468616
2022-05-13,144.59,148.105,143.11,588.36,105706888,913196,146.268985,257.35,263.04,255.35,261.12,34627772,447101,260.172137,50.38,50.79,49.68,49.92,22265224,147282,50.010616,105.36,107.69,105.31,107.33,16697783,195998,106.795107,23.74,23.95,23.73,23.85,24126,211,23.872095
2022-05-16,145.55,147.5199,144.18,582.16,86027547,693106,145.781771,259.955,265.82,255.78,261.5,32251596,397392,260.834674,49.87,51.05,49.87,50.67,19221138,137512,50.630094,107.46,107.62,104.85,105.18,11932490,128902,105.800086,24.08,24.1499,23.86,24.01,11769,180,23.959805
2022-05-17,148.86,149.77,146.68,596.96,71326378,599817,148.366074,266.11,268.33,262.46,266.86,25351723,339943,265.40306,50.95,51.52,50.18,51.34,19692380,145139,51.164231,107.73,108.79,106.3,108.64,11745917,136706,107.517612,24.4,24.4,24.06,24.2965,22745,204,24.209285
2022-05-18,146.85,147.3601,139.9,563.28,108715044,969888,142.703174,263.0,263.6,252.8,254.08,31048373,406871,256.447248,51.22,51.42,50.16,50.4,22053520,141577,50.636641,107.38,107.66,103.88,104.3,11716807,149051,105.374707,24.25,24.25,23.4,23.4,27921,404,23.762646
2022-05-19,139.88,141.66,136.6,549.4,135359835,1208776,138.666812,253.9,257.67,251.88,253.14,32306474,402072,254.408031,50.0,50.885,49.59,50.65,19706246,144905,50.334906,103.43,105.3,102.96,103.14,11199442,148979,103.811702,23.5,23.5,23.1,23.25,72089,434,23.247388
2022-05-20,139.09,140.7,132.61,550.36,136313104,1122772,136.395212,257.24,258.54,246.44,252.56,39253068,511101,251.547657,51.44,52.6999,51.13,52.47,30920732,206284,52.059652,104.49,104.8,100.05,102.42,15518162,195750,101.881216,23.67,23.67,22.83,23.16,80822,424,23.183278
2022-05-23,137.79,143.26,137.65,572.44,117338199,846886,141.435007,255.49,261.5,253.43,260.65,33050557,383804,258.922502,52.58,53.695,52.48,52.88,23932326,148358,53.020733,103.76,106.03,101.5611,105.83,14356416,156877,104.626446,23.16,23.29,23.09,23.15,35069,258,23.215965
2022-05-24,140.805,141.97,137.33,561.44,103517401,806070,139.410797,257.89,261.33,253.5,259.62,28841189,353655,257.872148,52.71,53.608,52.71,53.41,26550513,147977,53.197452,103.71,103.84,100.13,101.59,13888414,178413,101.358752,23.4,23.4,23.065,23.2417,28113,259,23.189955
2022-05-25,138.43,141.785,138.34,562.08,91793616,680230,140.077911,258.14,264.58,257.125,262.52,28288915,335452,260.951594,53.2,54.05,53.045,53.71,23779394,158746,53.644295,101.43,103.807,101.16,103.26,10967252,114666,102.796877,23.34,23.37,23.1701,23.34,17393,184,23.250465
2022-05-26,137.39,144.34,137.14,575.12,90366284,668096,142.390702,262.335,267.11,261.4294,265.9,24908841,296318,265.280158,54.06,54.92,53.88,53.99,23463784,146298,54.218336,104.22,106.13,103.96,105.61,11273508,117743,105.335134,23.4,23.5,23.38,23.41,29904,221,23.449279
2022-05-27,145.375,149.68,145.26,598.56,90670289,683010,148.198783,268.44,273.34,267.56,273.24,26793494,305543,271.654523,53.92,54.405,53.515,53.91,21341927,140318,53.833915,106.89,109.37,106.53,109.32,13642281,146179,108.475192,23.6,23.63,23.38,23.38,18899,193,23.549359
2022-05-31,149.07,150.66,146.84,595.36,102805726,698608,149.095862,272.53,274.77,268.93,271.87,37446413,358198,271.99437,53.32,53.495,51.94,53.04,65661240,185882,53.002525,110.0,111.235,107.91,110.44,20136359,150141,110.178088,23.58,23.59,23.41,23.59,19198,177,23.514954
2022-06-01,149.91,151.74,147.68,594.84,73719495,622664,149.374254,275.195,277.69,270.04,272.42,25054480,317504,273.326728,53.25,53.28,51.835,52.37,17228451,128682,52.327279,111.97,112.85,108.27,109.19,11755876,137132,109.948242,23.59,23.6,23.45,23.6,24083,314,23.500875
2022-06-02,147.83,151.27,146.86,604.84,71764228,567502,149.523622,264.45,274.65,261.6,274.58,43677409,526128,269.030057,52.37,52.74,51.0415,52.68,21697065,149759,52.002597,109.43,110.95,107.91,110.87,8769154,108034,109.83196,23.5325,23.6,23.43,23.53,20169,200,23.549315
2022-06-03,146.9,147.97,144.46,581.52,85982964,740514,145.810503,270.31,273.45,268.41,270.04,24743979,293165,270.372179,52.46,53.53,52.46,53.2,18525322,127749,53.193908,109.15,109.85,107.9232,108.67,6858605,92377,108.715598,23.6,23.66,23.565,23.66,13635,149,23.605477
2022-06-06,147.03,148.5689,144.9,584.56,71154432,599824,146.616687,272.06,274.18,267.22,268.75,22221323,256400,270.074276,53.19,53.715,53.0,53.26,16398492,111195,53.31321,109.75,110.19,107.65,107.83,7507800,103983,108.576765,23.51,23.67,23.51,23.66,17147,191,23.615266
2022-06-07,144.345,149.0,144.1,594.84,67458066,524026,147.549274,266.67,273.13,265.94,272.5,22701501,244515,270.689798,53.28,53.97,53.01,53.96,14988163,100850,53.680847,106.79,107.92,106.0,107.79,7235803,97993,107.071339,23.67,23.6799,23.587,23.63,15319,183,23.646431
2022-06-08,148.58,149.8697,147.46,591.84,53677588,427487,148.613848,271.71,273.0,269.61,270.41,17278366,232115,271.153038,54.06,54.56,53.41,53.47,12707820,99076,53.797477,107.43,109.3605,106.96,107.34,6996687,91063,107.704622,23.73,23.73,23.61,23.7,20707,168,23.678246
2022-06-09,147.08,147.95,142.53,570.56,69238046,555335,145.32825,267.78,272.7081,264.63,264.79,26366282,300392,268.018379,53.265,53.65,51.7,51.78,17494025,106848,52.286938,106.53,107.06,103.25,103.3,8237439,118367,104.762333,23.59,23.69,23.5502,23.63,9975,172,23.659342
2022-06-10,140.28,140.76,137.06,548.52,90942602,819173,138.181216,260.58,260.58,252.68,252.99,31188393,453707,254.993195,51.31,51.37,49.95,49.97,23718806,161182,50.471591,101.43,102.12,99.38,99.4,15291851,216891,100.240878,23.5,23.5,23.25,23.38,31335,288,23.391274
2022-06-13,132.87,135.2,131.44,527.52,121184952,1009989,133.130942,245.11,249.0242,241.53,242.26,45977127,580173,244.28109,48.82,49.28,47.71,47.91,26495452,178708,48.200267,97.61,97.61,94.83,95.71,15017330,220441,95.877155,23.01,23.12,22.795,22.88,22546,343,22.939397
2022-06-14,133.13,133.89,131.48,531.04,84748531,674667,132.573726,243.86,245.74,241.51,244.49,28638585,370113,243.791873,47.75,48.465,47.22,47.92,23209192,155421,47.88158,96.27,96.27,93.1,94.22,12402802,171794,94.119483,23.07,23.46,22.665,22.75,52708,230,22.835015
2022-06-15,134.29,137.34,132.16,541.72,89448842,713564,134.625026,248.285,255.3,246.42,251.76,32378851,398211,250.630715,47.88,48.975,47.18,48.51,25034011,178088,48.299904,94.61,97.3,94.09,95.88,11473584,154787,95.75833,23.17,23.17,22.82,22.95,14086,217,22.981103
2022-06-16,132.08,132.39,129.04,520.24,107916504,908829,130.462555,245.98,247.4174,243.02,244.97,33159828,437263,244.8752,47.69,48.0,47.055,47.48,20280137,151074,47.505391,94.01,95.38,93.41,94.28,15230882,180849,94.182771,22.82,22.82,22.411,22.51,36813,324,22.515637
2022-06-17,130.065,133.079,129.81,526.24,134472246,743635,131.4909,244.7,250.5,244.03,247.65,43068610,426040,247.362221,47.38,48.03,46.28,46.53,44876240,184228,46.714211,94.01,95.97,93.47,94.34,15327546,131548,94.517553,22.34,22.69,22.31,22.5,24538,226,22.467416
2022-06-21,133.42,137.06,133.32,543.48,80983339,604393,135.850783,250.255,254.75,249.51,253.74,29920876,325124,253.428701,47.32,48.44,46.954,48.11,19526462,123646,47.94568,94.9,95.45,93.265,93.29,16598964,161040,93.961082,22.63,22.63,22.39,22.45,24063,227,22.463152
2022-06-22,134.79,137.76,133.91,541.4,73376104,530199,135.858002,251.89,257.17,250.37,253.13,25949803,304972,254.173581,48.03,49.579,47.7708,49.07,20267212,123268,48.947766,92.17,94.61,92.01,93.5,11358591,118165,93.711792,22.2,22.58,22.2,22.46,8678,152,22.480487
2022-06-23,136.82,138.59,135.63,553.08,72307322,553634,137.285671,255.57,259.37,253.63,258.86,26435048,316767,257.127058,49.23,50.17,48.98,50.09,19789178,123319,49.840607,93.96,94.65,92.07,94.3,11191264,126921,93.350458,22.78,22.78,22.45,22.5435,12060,155,22.537865
2022-06-24,139.9,141.91,139.77,566.64,88987029,536995,140.815602,261.808,267.89,261.72,267.7,33591795,337730,265.963861,50.65,51.64,50.3,51.59,24021197,115414,51.211957,95.45,98.5671,95.4,97.78,11540197,123095,97.566227,22.71,22.77,22.65,22.68,12092,173,22.692702
2022-06-27,142.695,143.49,140.965,566.64,70118847,515101,142.041765,268.205,268.3,263.28,264.89,24572353,288119,265.25722,51.48,52.225,51.26,51.88,16061101,105174,51.840909,98.12,98.23,95.8001,96.61,10743082,113212,96.645665,22.91,22.91,22.69,22.77,25544,272,22.759508
2022-06-28,142.13,143.422,137.325,549.76,67206437,545049,139.377211,263.98,266.91,256.32,256.48,27330556,336006,259.132631,51.83,51.97,50.41,50.66,16337655,114664,50.912951,99.74,100.4,95.78,95.92,16781109,161080,98.078189,22.88,22.88,22.59,22.59,411867,206,22.749211
2022-06-29,137.46,140.67,136.67,556.92,66121423,570930,139.274242,257.59,261.97,255.76,260.26,20028550,266725,260.058933,50.73,51.44,50.66,50.94,13808532,92583,51.048797,95.96,96.201,94.53,95.65,8606659,106609,95.410903,22.79,22.79,22.61,22.71,30422,186,22.659176
2022-06-30,137.25,138.37,133.7737,546.88,98842807,709485,136.475873,257.05,259.53,252.9,256.83,31677414,349551,256.730023,51.9199,52.885,51.085,52.43,33305800,180818,52.198129,94.42,95.44,92.5443,94.4,10895148,122355,94.088322,23.23,23.23,22.5,22.69,14539,296,22.651415
2022-07-01,136.04,139.04,135.66,555.72,71037189,558510,137.477111,256.39,259.77,254.61,259.58,22830172,298326,257.778678,52.04,52.37,51.25,52.31,15934117,110266,51.94677,94.24,96.3107,93.98,96.14,10481825,112007,95.289177,22.61,22.79,22.61,22.75,17301,209,22.67055
2022-07-05,137.77,141.61,136.93,566.24,73429641,601960,139.766938,256.16,262.98,254.74,262.85,22971634,336748,259.618847,51.75,51.89,50.4,51.64,18316134,122252,51.200205,94.26,97.23,92.31,97.18,10633646,128221,95.360982,22.84,22.84,22.64,22.72,23123,287,22.706508
2022-07-06,141.355,144.12,141.08,571.68,74064254,585624,142.558234,263.75,267.99,262.4,266.21,23839418,297475,265.348755,51.64,52.96,51.58,52.75,21159380,142951,52.444808,97.53,98.19,95.4,96.08,8598613,108648,96.353044,22.93,22.93,22.75,22.7868,22299,185,22.806765
2022-07-07,143.29,146.55,143.28,585.4,66252389,539961,145.675451,265.12,269.055,265.02,268.4,20859874,279545,267.940961,52.95,53.54,52.79,53.42,17773469,118359,53.270347,96.9,97.53,95.93,97.43,7782116,97020,96.964443,22.94,22.94,22.74,22.74,22494,294,22.87523
2022-07-08,145.265,147.55,145.0,588.16,64551728,520275,146.640864,264.79,268.1,263.285,267.66,19658751,263735,266.352673,53.05,53.92,52.76,53.17,11246263,83857,53.36305,96.57,97.12,95.349,95.86,7680377,95902,96.188491,22.76,22.94,22.76,22.94,13853,179,22.863693
2022-07-11,145.67,146.64,143.78,579.48,62285587,478662,145.151855,265.65,266.53,262.18,264.51,19309529,229431,264.48907,53.0,53.74,52.75,52.89,12708139,87007,53.092034,95.0,95.3375,93.43,93.64,7487098,103658,93.928266,23.06,23.06,22.855,22.91,17126,271,22.914359
2022-07-12,145.76,148.45,145.05,583.44,77587749,579518,146.794819,265.88,265.94,252.04,253.67,35885656,432638,256.305205,52.68,52.78,51.705,52.04,14587918,106749,52.102015,93.58,95.25,93.31,93.6,8641730,97439,94.192591,22.97,22.97,22.85,22.85,17554,205,22.925713
2022-07-13,142.99,146.45,142.1201,581.96,71187010,559357,145.193217,250.19,253.55,248.11,252.72,29497423,388753,251.360248,51.86,52.31,51.51,51.79,12776397,87383,51.880285,92.12,93.2487,91.01,92.94,11939781,135155,92.435243,22.99,22.99,22.82,22.82,25147,335,22.898339
2022-07-14,144.08,148.95,143.25,593.88,78140744,614951,146.591024,250.735,255.1374,245.94,254.08,25102823,338720,251.416916,50.72,51.59,50.63,51.39,13923454,96669,51.213541,91.48,92.04,90.23,91.84,11080867,132142,91.304621,22.8,22.9799,22.7935,22.93,57230,338,22.892069
2022-07-15,149.78,150.86,148.2,600.68,76259939,550061,149.5097,255.72,260.3699,254.7727,256.72,29774050,320549,257.074081,51.04,51.91,50.43,51.75,19812125,123772,51.495676,92.91,95.32,92.7,95.2,14905446,136242,94.491321,23.4,23.4,22.97,23.07,58431,435,23.071273
2022-07-18,150.74,151.57,146.7,588.28,81486157,620450,149.031237,259.74,260.84,253.3,254.25,20975034,259992,256.994933,51.96,51.97,50.52,50.75,15673709,89253,51.100039,96.36,97.27,95.31,95.7,10387494,119003,96.267238,23.23,23.23,22.66,22.66,50703,462,22.915767
2022-07-19,147.92,151.23,146.91,604.0,82969513,576293,149.748901,257.575,259.72,253.68,259.53,25010191,285115,257.948099,51.04,51.51,50.605,51.37,13356320,90508,51.263461,96.68,99.85,96.68,99.61,13622784,134480,98.858933,22.89,22.8926,22.76,22.88,28253,195,22.837264
2022-07-20,151.12,153.72,150.37,612.16,64811532,523464,152.625303,259.9,264.87,258.91,262.27,22787344,292178,261.993171,51.39,51.46,50.5137,50.82,12704727,90093,50.888496,100.25,104.26,99.9538,103.35,15060962,159445,102.980077,23.0,23.05,22.87,22.98,41002,237,22.975732
2022-07-21,154.5,155.57,151.94,621.4,65108746,522804,154.355124,259.79,264.89,257.03,264.84,22404675,266470,262.080552,50.57,51.14,50.18,51.12,15032940,82276,50.761739,102.71,104.25,101.61,104.18,8568297,112317,103.319345,23.0,23.12,22.9005,23.08,20714,240,23.038932
2022-07-22,155.39,156.28,153.41,616.36,66482313,525535,154.623328,265.24,265.33,259.07,260.36,21850179,274345,261.387638,51.26,51.53,50.95,51.23,10870101,64102,51.246692,103.28,104.5661,102.11,102.72,7747228,91646,102.980464,23.17,23.17,23.03,23.05,20150,277,23.093027
2022-07-25,154.01,155.04,152.28,611.8,53652497,487201,153.302678,260.995,261.5,256.81,258.83,21053780,245762,258.597614,51.34,51.875,51.34,51.77,12930364,78633,51.62668,102.78,103.39,101.81,102.69,6699737,83408,102.722612,23.2,23.2,23.04,23.06,29112,295,23.090733
2022-07-26,152.265,153.085,150.8,606.4,55138691,472002,151.679587,259.86,259.88,249.57,251.9,39367296,523735,252.477128,51.84,52.85,51.71,52.3,16605673,101793,52.31625,102.14,102.36,99.56,99.78,6333393,86668,100.334165,23.13,23.13,22.99,23.0,49478,356,23.053359
2022-07-27,152.58,157.33,152.16,627.16,78244429,574803,155.243353,261.16,270.05,258.85,268.74,45869993,537151,265.615313,51.94,52.2544,51.185,51.95,19028841,131208,51.780804,100.97,103.65,100.81,103.5,9360116,99874,102.435835,23.16,23.2,22.97,23.13,50993,358,23.066791
2022-07-28,156.98,157.64,154.41,629.4,81378731,738631,157.465407,269.75,277.84,267.87,276.41,33459327,413167,274.291,50.81,52.33,49.1,50.72,38984890,231620,50.825734,103.245,104.97,102.71,104.9,7970282,98808,104.129587,23.25,23.3,23.12,23.24,33293,427,23.221514
2022-07-29,161.24,163.63,159.5,650.04,101863174,773684,162.249834,277.7,282.0,276.63,280.74,32140586,359228,279.832794,50.56,50.71,49.28,50.51,25012948,153370,50.313005,105.14,106.34,103.37,106.1,10302723,113883,105.409781,23.03,23.3551,23.03,23.25,55826,445,23.225036
2022-08-01,161.01,163.59,160.89,646.04,67855255,594000,162.105292,277.82,281.28,275.84,278.01,21532878,296050,278.444811,50.32,51.3,50.15,50.61,19643139,111386,50.699677,104.87,106.65,103.8601,106.22,7738103,95946,105.834284,23.39,23.39,23.2701,23.29,30738,422,23.324333
2022-08-02,160.1,162.41,159.63,640.04,59907034,543549,160.692137,276.0,277.89,272.38,274.82,22754184,302750,274.903782,50.9,51.47,49.63,49.69,17708049,122831,50.32534,105.74,106.36,104.62,104.71,9064955,103263,105.394315,23.35,23.35,23.2,23.2,19825,420,23.262774
2022-08-03,160.98,166.59,160.75,664.52,82507488,682781,164.910537,276.76,283.5,276.61,282.47,23518874,305573,281.282017,49.79,50.07,49.34,49.86,16472290,110560,49.78357,105.73,109.7,105.73,109.02,11228610,134068,108.499044,23.34,23.38,23.27,23.27,71539,455,23.319696
2022-08-04,166.005,167.19,164.43,663.24,55474144,525012,165.594617,281.8,283.8,280.1677,283.65,18098668,242902,282.546473,49.9,50.045,49.21,49.86,16991243,95368,49.760416,108.92,109.45,107.66,108.12,7314065,91605,108.33151,23.4,23.4,23.3,23.3,37178,368,23.342228
2022-08-05,163.21,165.85,163.0,661.4,56671292,490744,164.743095,279.15,283.65,278.68,282.91,16770698,240013,281.72075,49.64,49.97,49.0629,49.27,16360836,110916,49.417751,106.81,107.7,105.37,106.63,10083752,114438,106.577055,23.37,23.3799,23.3,23.32,20896,334,23.340467
2022-08-08,166.37,167.81,164.2,659.48,60362338,540017,165.893921,284.05,285.92,279.32,280.32,18757818,258506,282.001578,49.39,49.81,48.94,49.57,16045154,127972,49.395756,108.205,111.23,107.9,109.11,13023348,135773,109.668292,23.42,23.42,23.32,23.385,45853,431,23.400336
2022-08-09,164.02,165.82,163.25,659.68,63098324,479672,164.840205,279.64,283.08,277.61,282.3,23386566,264490,281.318781,49.75,50.11,49.52,49.78,12080205,89119,49.799891,109.22,109.22,107.03,108.13,8762862,102968,107.871413,23.4,23.41,23.33,23.33,26237,351,23.38643
2022-08-10,167.68,169.34,166.9,676.96,70170540,559789,168.349612,288.17,289.81,286.94,289.16,24722745,301912,288.625794,49.925,50.045,49.38,49.95,17312829,117812,49.704338,112.48,112.67,109.91,112.43,26380820,260215,113.928539,23.49,23.49,23.3801,23.45,64089,411,23.42504
2022-08-11,170.06,170.99,168.19,673.96,57155924,507914,169.373925,290.85,291.21,286.51,287.02,20065938,250692,288.187634,48.22,49.13,47.81,48.29,43964429,256554,48.342035,122.21,123.268,117.3309,117.69,50347472,449652,120.075346,23.49,23.53,23.31,23.45,51268,524,23.384883
2022-08-12,169.82,172.17,169.4,688.4,67989796,557290,171.076181,288.48,291.91,286.94,291.91,22611611,236495,289.911592,48.55,50.39,48.55,50.11,25795990,176120,49.781767,119.0,121.61,118.9201,121.57,21934255,201986,120.769786,23.63,23.63,23.45,23.46,19403,330,23.473539
2022-08-15,171.52,173.39,171.345,692.76,54091694,501625,172.625371,291.0,294.18,290.11,293.47,18118153,220401,292.436317,49.97,50.065,49.385,49.75,15783292,109317,49.694331,121.0,125.96,120.99,124.26,24623135,249375,124.175139,23.51,23.51,23.4,23.46,42465,429,23.477941
2022-08-16,172.78,173.71,171.6618,692.12,56377319,515134,172.742747,291.99,294.04,290.42,292.71,18102882,238194,292.411247,49.38,50.18,49.36,49.86,12848613,89273,49.767627,124.73,126.48,123.45,124.96,14580508,155010,125.017152,23.5,23.5,23.38,23.46,42090,384,23.432526
2022-08-17,172.77,176.15,172.57,698.2,79518845,686286,174.313399,289.74,293.35,289.47,291.32,18319046,243285,291.374589,49.65,49.86,49.25,49.27,13535646,103112,49.471489,123.45,124.48,122.57,122.81,9114539,117927,123.426572,23.44,23.4599,23.35,23.35,47577,383,23.430812
2022-08-18,173.75,174.9,173.12,696.6,62290075,545655,174.13665,290.189,291.91,289.08,290.17,17186192,220665,290.5308,49.39,49.5198,48.38,48.58,18889303,115714,48.720435,123.01,123.13,121.71,122.67,7337312,90981,122.523033,23.4,23.47,23.38,23.45,16119,307,23.440905
2022-08-19,173.03,173.74,171.3101,686.08,70346195,573126,172.230161,288.9,289.25,285.56,286.15,20570033,242758,286.831665,48.84,49.445,48.73,49.15,15325033,107982,49.145152,121.25,121.39,119.48,120.14,8689575,129681,120.216287,23.43,23.4389,23.31,23.42,53448,561,23.379955
2022-08-22,169.69,169.86,167.135,670.28,69077923,620801,168.268178,282.08,282.46,277.22,277.75,25061070,291816,278.88029,49.21,49.395,48.735,48.9,13592404,95045,48.989613,117.7,118.21,115.6901,115.94,11570308,131204,116.690121,23.14,23.14,22.83,22.9,54493,730,22.934148
2022-08-23,167.08,168.71,166.65,668.92,54147178,494686,167.623143,276.44,278.86,275.4,276.44,17527541,216859,276.841022,48.42,48.52,47.76,48.01,16220398,109120,48.078064,115.98,116.3699,114.6211,114.86,7166940,99652,115.271411,22.77,22.9,22.75,22.84,53304,385,22.813511
2022-08-24,167.32,168.11,166.245,670.12,53841524,476970,167.314378,275.41,277.23,275.11,275.79,18137019,225085,276.033621,47.9,48.01,47.38,47.43,15514185,103330,47.619532,114.67,117.16,114.1,116.41,7820842,94300,116.3027,22.67,22.95,22.67,22.95,36197,267,22.78535
2022-08-25,168.78,170.14,168.35,680.12,51218110,465398,169.350322,277.28,279.02,274.52,278.85,16584215,207794,276.986011,47.52,47.95,47.27,47.9,14430244,91689,47.605472,117.02,117.77,116.11,117.46,6895259,83995,117.01525,22.99,23.11,22.81,23.11,21051,278,22.882798
2022-08-26,170.57,171.05,163.56,654.48,78960320,722008,165.999646,279.08,280.34,267.98,268.09,27549307,333187,271.151455,47.62,47.96,46.701,46.82,16470868,115901,47.129756,117.47,118.37,113.89,114.07,7780385,103995,115.298465,23.17,23.17,22.46,22.52,39235,584,22.632991
2022-08-29,161.145,162.9,159.82,645.52,73313953,640593,161.529078,265.85,267.4,263.85,265.23,20356884,268267,265.620529,46.375,46.69,46.12,46.23,13361058,108792,46.388195,112.55,114.4673,112.41,113.53,6871343,94177,113.656768,22.34,22.45,22.19,22.25,26637,366,22.32789
2022-08-30,162.13,162.56,157.72,635.64,77896533,644584,159.292663,266.67,267.05,260.66,262.97,22765463,273117,262.964018,46.34,46.35,45.795,45.85,16225532,118381,46.023329,114.28,114.7499,111.45,112.43,8026310,103129,112.55561,22.29,22.38,22.0,22.06,36886,405,22.189763
2022-08-31,160.305,160.58,157.14,628.88,87944856,606474,158.397062,265.39,267.11,261.33,261.47,24776908,272821,262.882387,46.01,46.285,45.13,45.23,26338832,135904,45.44525,112.87,113.75,111.85,112.08,7312425,92109,112.569363,22.06,22.28,21.988,22.0127,16609,316,22.104904
2022-09-01,156.64,158.42,154.67,631.84,74224560,654608,156.523257,258.87,260.89,255.41,260.4,23260437,332318,258.256774,45.14,46.65,45.14,46.63,19840667,136101,46.177476,111.79,112.59,110.025,112.53,7676165,112279,111.267199,21.77,22.0,21.73,21.99,26269,322,21.861235
2022-09-02,159.75,160.362,154.965,623.24,77074411,646141,157.651625,261.695,264.74,254.47,256.06,22846977,308395,258.83354,46.74,46.8,45.53,45.7,14527632,109742,46.129302,113.05,113.89,110.84,111.2,8416780,108572,112.075495,22.19,22.25,21.75,21.82,90775,344,22.173148
2022-09-06,156.47,157.09,153.69,618.12,73679935,687134,155.011928,256.2,257.83,251.94,253.25,21319493,295550,254.189982,45.96,46.44,45.53,45.76,16947181,123527,45.907574,111.77,111.78,108.52,110.09,9458848,123854,109.776376,21.76,21.92,21.58,21.65,18614,312,21.74591
2022-09-07,154.825,156.67,153.61,623.84,87554883,696544,155.30464,254.7,258.83,253.22,258.09,24115309,259043,256.727856,45.7,46.21,45.38,46.13,15301322,107207,45.942964,109.87,112.955,109.87,112.69,8169363,93584,111.968887,21.54,22.1099,21.54,21.94,28291,241,21.799695
2022-09-08,154.64,156.36,152.68,617.84,84907744,696902,154.394609,257.51,260.43,254.79,258.52,20313910,256362,257.687852,46.02,47.12,45.87,47.08,18102650,118195,46.763534,111.07,112.99,110.36,112.33,8388485,92813,112.068982,21.78,22.1499,21.78,22.08,36471,187,22.02193
2022-09-09,155.47,157.82,154.75,629.48,68081006,532851,156.6625,260.5,265.23,260.29,264.46,22093190,279508,263.844981,47.2,47.99,47.1,47.84,17472084,107334,47.771447,113.27,115.525,113.19,115.18,9548243,112635,114.969505,22.24,22.44,22.19,22.35,28448,288,22.311772
2022-09-12,159.59,164.26,159.3,653.72,104955951,801510,162.47635,265.78,267.45,265.16,266.65,18756887,230393,266.391999,48.08,48.35,47.69,47.76,13636559,97468,48.003845,116.14,117.49,115.27,116.39,7872353,101090,116.221997,22.58,22.66,22.51,22.53,53082,327,22.589913
2022-09-13,159.9,160.54,153.37,615.36,122534825,1016901,156.155955,258.84,260.4,251.59,251.99,33304874,430783,254.605512,47.13,47.32,46.02,46.19,16470459,112725,46.550183,113.05,113.82,111.17,111.76,10455287,138238,112.512898,22.4,22.4,21.66,21.79,35831,479,21.942891
2022-09-14,154.8,157.1,153.6106,621.24,87944110,715880,155.261313,253.53,254.23,249.86,252.22,23907125,302966,252.032233,46.2,46.41,45.78,46.15,17054402,118112,46.077873,111.85,112.74,109.88,112.5,8572522,110969,111.641008,22.01,22.085,21.55,21.66,51851,401,21.763029
2022-09-15,154.65,155.24,151.38,609.48,90353619,740014,153.00688,249.77,251.4,244.02,245.38,31453294,436574,246.605915,46.11,46.29,45.7,45.94,15635066,103044,45.99245,112.39,114.41,110.71,110.77,9676577,126476,112.119536,21.66,21.84,21.55,21.66,29155,343,21.688644
2022-09-16,151.21,151.35,148.37,602.8,163574426,850046,150.227405,244.26,245.3,242.0627,244.74,39788933,363841,243.944787,46.09,46.62,45.64,46.03,30314437,111007,46.047913,109.21,109.58,106.96,108.25,15912325,149238,108.255405,21.5,21.58,21.202,21.3,68441,546,21.356764
2022-09-19,149.31,154.56,149.1,617.92,81474348,671956,152.55427,242.465,245.14,240.85,244.52,26826931,327277,243.254809,45.68,45.88,44.78,45.44,16147148,107688,45.268669,107.53,109.2245,107.036,109.17,7937320,106999,108.359568,21.09,21.38,21.09,21.38,27278,256,21.161376
2022-09-20,153.4,158.08,153.08,627.6,107735196,792171,156.132043,242.065,243.51,239.64,242.45,26654583,322119,241.891295,45.0,45.27,44.44,44.77,15252759,107614,44.758442,108.28,108.41,106.86,107.57,6914193,90258,107.662703,21.38,21.38,21.109,21.14,17014,226,21.176844
2022-09-21,157.34,158.74,153.6,614.88,101661132,784630,156.295816,244.27,247.66,238.9,238.95,28617471,355933,242.690175,44.81,44.98,43.9,43.92,17213932,119919,44.359088,107.39,108.04,104.49,104.49,9699675,127652,105.950962,21.21,21.2899,21.05,21.05,30752,279,21.216066
2022-09-22,152.38,154.47,150.91,610.96,86641985,686764,152.570886,237.925,243.86,237.57,240.98,31062686,368561,240.7112,43.67,45.0,43.52,44.57,18370763,129763,44.602425,104.21,104.66,102.02,102.16,10909070,134592,102.619259,21.01,21.06,20.915,20.93,24002,268,20.983902
2022-09-23,151.19,151.47,148.56,601.72,96029452,766882,150.022174,239.54,241.13,235.2,237.92,34256040,402916,238.279663,44.44,44.56,43.575,44.08,18671198,133692,43.996694,100.62,101.18,98.02,99.5,11898266,165467,99.469801,20.92,20.92,20.52,20.72,45130,487,20.727828
2022-09-26,149.66,153.7701,149.64,603.08,93339409,747666,151.522153,237.045,241.45,236.9,237.45,27956390,298279,238.579773,43.81,44.33,43.67,43.83,18478873,130828,43.925506,98.95,100.66,98.06,98.12,9711944,120698,98.859575,20.72,20.72,20.46,20.5699,37988,332,20.591934
2022-09-27,152.74,154.72,149.945,607.04,84603216,683777,152.137422,239.98,241.8,234.5,236.41,27018732,313534,237.067737,44.22,44.58,43.735,44.09,21332259,136156,44.10836,99.53,99.64,95.432,95.85,13270977,181039,96.940069,20.81,20.81,20.4,20.49,29184,289,20.616337
2022-09-28,147.64,150.6414,144.84,599.36,146695099,1142413,147.596911,236.81,242.33,234.73,241.07,29077115,321101,239.27015,44.67,44.81,44.215,44.43,16277562,115405,44.499944,95.79,99.87,95.45,99.4,12791951,133568,98.171212,20.54,20.8466,20.3901,20.84,23758,251,20.703203
2022-09-29,146.1,146.72,140.68,569.92,128135940,1067280,142.900091,238.89,239.95,234.41,237.5,27501030,325000,236.461303,44.41,44.62,43.95,44.16,13391138,97460,44.164305,98.53,98.6,96.23,97.45,9389645,113817,97.296783,20.53,20.6648,20.435,20.47,30532,305,20.560495
2022-09-30,141.28,143.1,138.0,552.8,124811605,945924,140.38297,238.29,240.54,232.73,232.9,35659283,348979,235.718886,44.17,44.605,43.73,43.76,22746298,121578,44.070554,96.5,97.4778,94.28,94.33,12010858,144708,95.567591,20.31,20.63,20.29,20.31,51128,356,20.452839
2022-10-03,138.21,143.07,137.685,569.8,114312162,838786,141.213469,235.41,241.61,234.66,240.74,28905356,310570,238.995682,44.07,44.28,43.49,44.14,22691692,142964,43.936605,95.73,97.78,94.504,97.13,9425371,109318,96.57079,20.56,20.8369,20.38,20.66,29677,273,20.720344
2022-10-04,145.03,146.22,144.26,584.4,87880164,687505,145.490979,245.2,250.36,244.975,248.88,34888416,363475,248.377683,44.25,44.84,44.09,44.46,28029626,145658,44.406245,98.68,101.52,98.2301,101.44,10170673,123465,100.51995,21.1,21.16,20.99,21.15,25202,301,21.114561
2022-10-05,144.075,147.38,143.01,585.6,79670966,605863,145.25079,245.99,250.58,244.1,249.2,20347136,240367,247.537997,44.12,44.37,43.68,44.12,15602096,101193,44.05545,100.04,101.22,98.7,100.8,7534056,95702,100.07756,21.13,21.24,20.92,21.23,24166,277,21.133253
2022-10-06,145.81,147.54,145.22,581.72,68389421,538566,146.073827,247.93,250.34,246.08,246.79,20237630,248280,247.824629,43.76,43.775,43.04,43.09,21785158,141002,43.288215,100.43,101.46,99.8701,100.04,6659227,86163,100.503636,21.2,21.2,20.98,21.017,9223,202,21.060438
2022-10-07,142.54,143.1,139.445,560.36,85924489,666459,140.793188,240.902,241.32,233.17,234.24,37769602,434173,235.576068,43.05,43.05,41.9208,42.32,19987107,132584,42.340794,98.51,98.8,96.4469,97.16,7017750,108787,97.315477,20.89,20.89,20.56,20.56,16822,303,20.690372
2022-10-10,140.42,141.89,138.5729,561.68,74899002,620863,140.197775,233.05,234.559,226.73,229.25,29743608,379327,229.78021,42.35,42.62,41.75,41.75,17721777,117952,41.98923,97.59,97.74,94.42,95.16,9493190,110058,95.637803,20.64,20.72,20.49,20.51,194107,332,20.649662
2022-10-11,139.9,141.35,138.22,555.92,77032933,608696,139.54011,227.62,229.06,224.11,225.41,30469145,349614,226.3343,41.66,42.57,41.445,41.92,20817682,129530,41.967503,94.81,95.06,92.65,93.1,8842994,119977,93.535448,20.54,20.81,20.49,20.6,37166,340,20.680774
2022-10-12,139.13,140.36,138.16,553.36,70844359,552566,139.088191,225.4,227.86,223.96,225.75,21886872,260213,225.914678,42.09,43.14,41.92,42.03,18683475,123125,42.412713,93.16,94.07,92.2,93.41,6126984,87211,93.405128,20.71,20.73,20.58,20.61,34306,260,20.682851
2022-10-13,134.99,143.59,134.372,571.96,112837594,869842,139.772537,219.85,236.1,219.13,234.24,42377656,487017,230.403194,41.76,43.16,41.7,42.98,22757189,151240,42.728145,91.57,96.97,90.71,96.64,10914910,148624,94.722003,20.48,21.178,20.17,21.1072,50379,378,20.75358
2022-10-14,144.31,144.52,138.19,553.52,88580276,689155,139.922461,235.54,237.24,228.34,228.56,30179408,342096,230.8055,42.89,43.375,42.36,42.86,16780731,113193,42.796765,97.47,98.09,94.33,94.45,8156522,110833,95.388147,21.16,21.335,20.81,20.86,38856,280,21.01004
2022-10-17,141.065,142.9,140.27,569.64,85251672,634584,141.952859,235.82,238.96,235.135,237.53,28142268,305966,237.102047,43.19,43.81,43.19,43.65,16580899,102214,43.594694,96.38,97.97,96.26,97.33,7057831,102781,97.379641,21.12,21.34,21.12,21.22,22752,264,21.265705
2022-10-18,145.49,146.7,140.61,575.0,99142686,785417,144.0619,243.24,243.93,235.37,238.5,26329591,325506,239.040036,44.05,44.36,43.6201,44.09,18369593,117351,44.019318,99.87,100.3696,97.635,98.48,8510372,117094,98.903158,21.65,21.65,21.34,21.41,36458,334,21.467353
2022-10-19,141.69,144.9492,141.5,575.44,61758889,511349,143.444075,237.04,239.61,234.29,236.48,19985698,232870,236.648169,43.91,44.07,42.74,43.11,22976932,139374,43.127295,100.44,101.865,98.5,98.99,11704056,133064,99.737306,21.52,21.5599,21.32,21.39,24054,211,21.412588
2022-10-20,143.02,145.89,142.65,573.56,64521989,517760,144.207239,235.855,241.31,234.87,236.15,21811015,255775,237.195088,43.27,43.41,42.8226,42.91,17633923,118096,43.092826,98.23,100.75,98.11,98.59,8174804,111536,99.06219,21.33,21.64,21.32,21.32,25288,276,21.491215
2022-10-21,142.87,147.8479,142.649,589.08,86549149,621572,145.519084,234.74,243.0,234.5,242.12,26299733,290614,239.339429,43.31,45.16,42.99,44.95,36432827,191567,44.650134,98.35,102.3,97.89,102.04,10144034,115020,100.887059,21.32,21.91,21.32,21.7,14866,255,21.691418
2022-10-24,147.185,150.23,146.0,597.8,75968735,652872,148.374492,243.76,247.84,241.295,247.25,25035516,321867,245.363795,45.075,45.87,44.985,45.54,24905196,133689,45.574877,102.12,103.19,100.12,101.72,8205612,111842,101.742494,21.69,21.71,21.532,21.6,61080,272,21.662744
2022-10-25,150.09,152.49,149.36,609.36,74782289,581422,151.435017,247.26,251.04,245.83,250.66,34775505,431898,247.914303,45.27,45.82,44.89,45.59,23080300,132091,45.547539,102.16,104.7299,102.03,104.36,7673126,109810,103.845656,21.8,21.8,21.59,21.8,32591,370,21.755195
2022-10-26,150.96,151.99,148.04,597.4,88834489,693414,150.040815,231.17,238.3,230.06,231.32,82589077,977356,233.575597,45.92,46.65,45.62,46.06,21341815,137814,46.214739,103.53,107.43,103.53,104.63,9203533,124973,105.563733,21.84,21.86,21.7,21.7,81635,491,21.796832
2022-10-27,148.07,149.046,144.13,579.2,109198287,944054,145.31176,231.04,233.69,225.78,226.75,40424645,502651,227.639146,45.81,46.1079,45.68,45.74,20313936,106853,45.852363,105.805,106.87,104.31,104.44,8642107,107048,105.266287,21.95,21.95,21.78,21.89,34100,282,21.864807
2022-10-28,148.2,157.5,147.82,622.96,164513407,1226015,154.587167,226.24,236.6,226.05,235.87,40608769,452772,233.167197,45.98,47.52,45.93,47.43,27768689,160041,47.230131,104.08,106.09,103.525,105.95,7205571,98516,105.174974,22.0,22.3,21.85,22.11,78154,496,22.043629
2022-10-31,153.155,154.24,151.92,613.36,97925458,726580,153.279315,233.76,234.92,231.15,232.13,28349085,310616,232.713069,47.08,47.385,46.54,46.55,29880759,165293,46.823608,105.66,106.9,104.82,106.54,8787652,97440,106.155102,22.07,22.14,21.95,21.95,33740,339,22.028948
2022-11-01,155.08,155.45,149.13,602.6,80379345,650595,150.980742,234.6,235.74,227.325,228.17,30602171,355474,229.273038,48.0,48.42,47.4,48.01,30576105,205865,47.901234,107.7,108.84,105.64,106.0,7947986,104828,106.627459,22.15,22.15,21.95,21.95,42756,379,21.988665
2022-11-02,148.945,152.17,145.0,580.12,92496880,777052,148.197608,229.46,231.3,220.04,220.1,37977398,457352,224.73266,47.77,48.17,46.95,47.07,25464863,173605,47.313623,105.45,106.08,101.785,101.82,9434488,133855,103.549255,22.05,22.05,21.85,21.98,25191,355,21.95055
2022-11-03,142.06,142.8,138.75,555.52,97919272,871801,140.11452,220.09,220.41,213.98,214.25,36633922,461770,216.652116,46.36,46.8,46.16,46.57,20103595,141663,46.542444,100.2,100.7,98.56,99.25,8969964,131758,99.545529,21.72,22.04,21.72,21.95,25518,313,21.946897
2022-11-04,142.09,142.67,134.38,553.52,141120882,1161509,137.350038,217.55,221.59,213.431,221.39,36787832,410717,218.349567,47.47,47.54,46.61,47.22,23827683,129961,47.157094,101.15,101.16,98.11,99.58,11005110,142284,99.445093,22.15,22.15,21.89,21.998,66476,444,22.007236
2022-11-07,137.11,139.145,135.671,555.68,83385027,715006,137.466882,221.99,228.41,221.28,227.87,33497979,346832,225.858308,47.16,47.65,46.75,47.09,20269149,108762,47.133318,100.88,101.56,98.99,100.43,11339529,131653,100.129869,22.1,22.19,21.94,22.0,49385,347,22.032481
2022-11-08,140.41,141.43,137.49,558.0,89888299,637129,139.570077,228.7,231.65,225.84,228.87,28180939,328336,229.218665,47.04,47.75,46.745,47.35,17939750,114252,47.349086,100.74,101.9687,98.05,99.9,27090493,293091,97.000238,22.17,22.17,22.0,22.04,77029,400,22.056696
2022-11-09,138.5,138.55,134.5933,539.48,74918639,633362,135.989576,227.37,228.6327,224.33,224.51,27880165,275118,225.982491,47.16,47.5,46.7,46.72,15243283,92980,47.050161,90.55,91.1,86.28,86.75,61943420,665958,88.161383,22.0,22.11,21.94,21.94,24584,308,22.013665
2022-11-10,141.24,146.87,139.5,587.48,118840819,874900,144.132248,235.43,243.33,235.0,242.98,46263296,490105,239.842306,47.525,47.75,46.85,47.38,20379908,115263,47.328488,89.75,90.5,87.608,90.46,36888750,337801,89.236568,22.32,22.32,21.95,22.0205,89867,384,22.040669
2022-11-11,145.82,150.01,144.37,598.8,93993056,742242,148.193332,242.99,247.99,241.93,247.11,34620246,368001,245.583751,47.07,47.695,46.31,47.6,20822157,144088,47.108448,91.58,95.58,91.1,95.01,22268034,238962,93.868878,21.83,22.08,21.83,21.92,73544,458,21.945913
2022-11-14,148.97,150.28,147.43,593.12,73372771,576279,148.723597,241.985,243.91,239.21,241.55,31121010,351651,242.096714,47.99,49.82,47.93,49.24,25819240,162747,49.248556,95.85,96.62,94.21,94.28,20484186,176602,95.302231,22.0,22.24,21.9601,22.08,30202,351,22.05829
2022-11-15,152.215,153.59,148.5613,600.16,89767604,702845,151.2372,245.66,247.0,240.03,241.97,31336176,376652,243.348242,49.34,49.525,48.18,48.57,25240008,155997,48.840662,96.0,97.18,93.695,95.51,15695340,192357,95.56756,22.32,22.32,21.96,21.9717,85445,457,22.085259
2022-11-16,149.13,149.87,147.29,595.16,64218266,472247,148.659645,242.79,243.8,240.42,241.73,24093272,270175,242.059894,48.8,49.06,48.05,48.05,15668392,100923,48.322341,95.22,95.22,93.72,93.95,11077506,133385,94.142266,21.9,22.13,21.9,22.12,48129,294,22.06263
2022-11-17,146.43,151.48,146.15,602.88,80440397,563714,149.708542,237.78,243.25,237.63,241.68,23123544,267476,241.205796,47.8,48.495,47.53,48.33,13158639,94812,48.187959,92.12,92.27,90.85,91.45,12258233,156907,91.518778,22.11,22.18,22.0013,22.115,66862,396,22.08986
2022-11-18,152.305,152.7,149.97,605.16,74829573,514103,151.194437,243.51,243.74,239.03,241.22,27613523,265827,240.767888,48.64,48.83,47.87,48.23,20541514,97098,48.240407,92.86,93.16,90.91,91.8,9972820,112324,91.666205,22.16,22.21,22.05,22.0933,50186,304,22.119765
2022-11-21,150.16,150.37,147.715,592.04,58724070,504777,148.481669,241.43,244.67,241.19,242.05,26396199,270840,242.283198,48.1,48.28,47.72,48.18,14695311,89665,48.107992,100.12,100.89,96.32,97.58,70235689,581237,98.313397,21.97,22.05,21.69,21.79,39886,382,21.907765
2022-11-22,148.13,150.42,146.925,600.72,51804132,405185,149.195665,243.59,245.31,240.71,245.03,19665699,216514,243.650429,48.34,49.2471,48.24,49.08,16317210,104865,48.995218,97.0,97.67,94.68,96.21,25733036,237353,95.755083,21.87,22.05,21.8001,21.96,41471,478,21.932034
2022-11-23,149.45,151.83,149.34,604.28,58318894,444424,150.787296,245.105,248.28,244.27,247.58,19508462,229081,246.876744,48.96,49.22,48.52,48.85,10648547,81464,48.817687,96.0,99.34,95.7801,98.88,15446443,166538,98.086583,22.12,22.134,21.91,22.07,42451,230,22.047797
2022-11-25,148.305,148.88,147.12,592.44,35195860,319570,148.166814,247.31,248.7,246.73,247.49,9200971,126713,247.676677,48.93,49.22,48.835,49.21,6758514,43184,49.05152,98.81,99.81,98.08,98.87,6663918,76724,99.267495,22.1,22.1699,22.1,22.121,14787,140,22.15056
2022-11-28,145.14,146.64,143.38,576.88,69346522,614357,144.782015,246.08,246.65,240.8,241.76,24809167,273043,242.533758,49.18,49.74,49.06,49.57,20685219,125046,49.442391,98.21,99.13,95.43,95.69,13655788,155103,96.50268,22.11,22.125,22.0,22.0,46115,394,22.053701
2022-11-29,144.29,144.81,140.355,564.68,83790799,713282,142.050897,241.4,242.79,238.21,240.33,17956313,222057,240.275653,49.5,49.67,49.095,49.49,17144783,94886,49.434505,96.0,96.4299,93.92,94.69,13198691,148514,94.849587,22.08,22.08,21.9,21.99,18038,293,21.960379
2022-11-30,141.395,148.72,140.55,592.12,111885406,706282,145.153909,240.57,255.33,239.86,255.14,47502238,447419,250.416157,49.64,50.13,49.04,50.13,35393444,107685,49.90447,94.95,97.94,93.87,97.87,15267738,148322,96.333174,22.09,22.2034,21.9001,22.1,33186,293,22.087267
2022-12-01,148.21,149.13,146.61,593.24,71250381,525985,148.105003,253.87,256.12,250.9156,254.69,26054508,352799,254.358458,50.31,51.155,50.28,51.08,23553004,147790,50.918172,97.87,98.835,96.58,98.59,13843798,149126,98.054043,22.01,22.27,22.01,22.25,32979,313,22.147547
2022-12-02,145.96,148.0,145.65,591.24,65537445,464551,146.85862,249.82,256.06,249.69,255.02,21528520,278398,253.114101,50.56,51.325,50.48,50.91,16847082,98237,50.957881,97.46,99.69,97.0101,99.43,12587742,118330,98.836537,22.17,22.24,22.09,22.2286,26323,273,22.160752
2022-12-05,147.77,150.9199,145.77,586.52,68826442,586791,147.638418,252.01,253.819,248.06,250.2,23435294,276722,250.679535,50.91,51.03,50.345,50.73,17926861,103111,50.655827,98.24,99.16,95.665,95.93,10753011,121256,96.998371,22.28,22.31,22.09,22.17,38511,422,22.171518
2022-12-06,147.075,147.3,141.92,571.64,64727240,537304,143.790242,250.82,251.86,243.78,245.12,22463727,274238,246.169729,50.665,50.85,49.18,49.71,21773089,133828,49.778453,95.73,96.0,91.98,92.29,11484544,154239,93.213878,22.27,22.27,21.8,21.92,59057,443,21.923065
2022-12-07,142.19,143.37,140.0,563.76,69705738,565202,141.160137,244.83,246.16,242.205,244.37,20479475,226667,244.461913,49.75,51.15,49.75,50.24,15891981,109080,50.399888,92.66,92.7857,91.26,92.15,10324750,120590,92.195937,22.07,22.07,21.89,21.95,24165,258,21.945864
2022-12-08,142.36,143.52,141.1,570.6,62128338,456121,142.515322,244.84,248.74,243.06,247.4,22611757,248284,246.75179,50.18,51.865,50.02,51.78,26102043,140854,51.414542,92.5,93.428,91.67,92.55,9345150,118637,92.613619,22.07,22.14,21.95,21.95,38125,346,22.062406
2022-12-09,142.34,145.57,140.9,568.64,76109466,530234,143.220726,244.695,248.31,244.16,245.42,20609242,238472,246.220427,51.75,52.84,51.63,51.72,19921055,129767,51.906811,92.37,94.91,91.9,93.38,10104992,127094,93.766205,21.85,22.149,21.85,21.9,19602,216,22.074204
2022-12-12,142.7,144.5,141.06,577.96,70462654,492710,143.006261,247.445,252.54,247.17,252.51,30665069,325566,250.904274,52.12,52.59,51.75,52.16,18517132,140331,52.199022,93.73,94.66,92.61,94.66,14128016,130137,93.988144,22.05,22.14,21.99,22.0961,16511,200,22.082218
2022-12-13,149.5,149.9692,144.24,581.88,94179520,704324,146.601647,261.69,263.915,253.07,256.92,42125640,484068,258.096836,53.1,54.04,52.88,53.07,29260862,190601,53.330152,96.49,97.3917,93.57,94.7,22762005,188980,94.966971,22.26,22.48,22.11,22.26,18575,266,22.25197
2022-12-14,145.35,146.655,141.16,572.84,81781989,590942,144.254407,257.13,262.588,254.31,257.22,35220223,454176,258.796362,53.14,54.93,52.9,54.48,35949407,235882,54.350741,94.54,95.47,92.62,94.15,11320074,139129,94.415372,22.32,22.36,22.1,22.31,29617,312,22.304781
2022-12-15,141.11,141.8,136.025,546.0,99500030,879348,137.645266,253.72,254.2,247.34,249.01,35568093,380775,249.573273,54.07,54.43,53.395,53.61,21579117,151220,53.694889,92.47,93.12,90.115,90.49,15922620,177173,90.798747,21.94,22.12,21.83,21.89,109101,490,21.89779
2022-12-16,136.685,137.65,133.73,538.04,160026698,819250,134.946521,248.55,249.84,243.51,244.69,85882830,385929,245.297282,53.01,53.14,51.4,51.4,65599696,193367,51.722316,90.19,91.08,88.81,90.08,26328367,179105,89.862468,21.82,21.98,21.595,21.66,53994,452,21.647918
2022-12-19,135.11,135.2,131.32,529.48,79592614,705820,132.466679,244.86,245.21,238.71,240.45,29697185,333301,240.675132,51.52,51.81,50.695,51.36,16071359,121867,51.220811,89.44,89.46,85.41,85.78,19215742,245836,86.600964,21.94,21.94,21.5001,21.52,35061,309,21.626997
2022-12-20,131.39,133.25,129.89,529.2,77435044,640695,131.848903,239.4,242.91,238.42,241.8,25185702,255791,241.364367,51.21,51.51,50.84,51.32,12421285,87914,51.292039,86.08,87.8391,85.76,87.02,14907686,161516,86.743318,21.61,21.69,21.5201,21.62,42668,371,21.629266
2022-12-21,132.98,136.81,132.75,541.8,85928092,588684,135.315015,241.69,245.615,240.11,244.43,23690333,249779,244.032128,51.605,52.16,51.2,51.66,12904261,95813,51.655605,87.19,88.0997,86.48,86.92,10992472,125645,87.395174,21.74,21.8899,21.73,21.77,32045,234,21.783098
2022-12-22,134.352,134.56,130.3,528.92,77858360,643296,131.898289,241.255,241.99,233.87,238.19,28651664,349537,237.140448,51.41,51.7,50.95,51.64,14787613,98946,51.370809,86.03,86.73,84.69,86.67,15465092,153734,85.781713,21.86,21.86,21.55,21.72,29784,383,21.729175
2022-12-23,130.92,132.415,129.64,527.44,63826892,541275,131.152093,236.11,238.87,233.9428,238.73,21206982,258172,237.267141,51.555,51.95,51.24,51.83,10661663,71431,51.734573,86.06,88.07,85.77,88.01,11162820,116929,87.267666,21.83,21.91,21.63,21.81,28478,271,21.784877
2022-12-27,131.38,131.41,128.72,520.12,69007830,608331,129.952171,238.7,238.93,235.83,236.96,16688648,226696,237.264025,51.86,51.93,51.05,51.13,12010357,98603,51.268554,87.42,87.94,85.96,86.37,11546891,126766,86.832593,21.8,21.88,21.77,21.78,21711,305,21.83858
2022-12-28,129.67,131.0275,125.87,504.16,85440007,762246,127.591763,236.89,239.72,234.17,234.53,17457104,215793,236.250028,51.05,51.39,50.75,50.8,9990430,79551,50.972817,86.08,86.69,84.07,84.17,12354818,144380,85.009454,21.99,22.19,21.75,21.76,68256,338,21.795509
2022-12-29,127.99,130.4814,127.73,518.44,75818001,598206,129.489724,235.65,241.92,235.65,241.01,19770693,224833,240.183672,51.02,51.665,50.99,51.33,8946945,71870,51.41069,85.25,88.242,84.97,87.18,13027764,142612,87.193388,21.65,21.67,21.6,21.64,85015,534,21.653633
2022-12-30,128.41,129.95,127.43,519.72,77779765,592064,128.804124,238.21,239.96,236.66,239.82,21913909,243952,238.69763,51.29,51.4,50.745,51.24,11243395,76422,51.077102,85.73,87.12,85.225,86.88,23134125,175408,86.261811,21.82,21.82,21.5,21.57,41986,402,21.599033
2023-01-03,130.28,130.9,124.17,500.28,112084324,1020782,125.725146,243.08,245.75,237.4,239.58,25729321,314735,239.839342,51.01,51.325,50.82,51.26,15451306,107220,51.13797,88.98,89.9716,87.83,88.97,14897284,139058,88.822368,21.54,21.74,21.54,21.6,18605,292,21.628983
2023-01-04,126.89,128.6557,125.08,505.44,89072202,769281,126.646333,232.275,232.87,225.96,229.1,50605745,678450,228.550963,50.29,50.63,49.522,50.13,21667635,155332,50.121185,90.0,92.745,89.36,91.98,14888919,140195,91.716985,21.79,21.8099,21.65,21.67,52444,339,21.720231
2023-01-05,127.13,127.74,124.76,500.08,81246605,663745,126.088261,227.2,227.55,221.7602,222.31,39497155,469715,223.599071,49.73,49.99,48.92,49.66,19883316,137842,49.498364,91.66,92.48,90.51,91.92,11531717,109109,91.654323,21.6,21.7,21.57,21.57,20536,256,21.6561
2023-01-06,126.01,130.29,124.89,518.48,87758343,711520,128.198067,223.0,225.7601,219.35,224.93,43613574,495762,223.378763,49.98,51.6,49.56,50.92,29561206,172728,50.689219,92.66,94.69,91.3211,93.92,9778864,113270,93.624623,21.64,21.8999,21.62,21.82,30636,352,21.776818
2023-01-09,130.465,133.41,129.89,520.6,70832518,647372,131.628178,226.45,231.2366,226.41,227.12,27381117,363980,228.598004,50.05,50.26,48.31,48.39,30844022,184793,49.132832,94.43,95.7,93.45,94.77,11677763,126838,94.894001,21.78,22.14,21.63,21.84,46659,490,21.873448
2023-01-10,130.26,131.2636,128.12,522.92,63924884,555791,129.822614,227.755,231.31,227.33,228.85,27041694,334903,228.78785,48.35,48.47,47.38,47.62,29213581,171712,47.711225,94.28,95.64,93.82,95.56,6916626,88281,94.940806,21.9,21.93,21.8,21.87,40803,388,21.882259
2023-01-11,131.25,133.51,130.46,533.96,69546367,562444,132.308564,231.29,235.95,231.11,235.77,28682661,340422,233.984911,47.7,47.74,46.86,47.45,23027771,136039,47.314319,95.92,96.55,95.045,96.33,8792885,107175,96.194214,22.01,22.01,21.8,21.85,91163,502,21.891147
2023-01-12,133.88,134.26,131.44,533.64,71379796,635331,133.171001,235.26,239.9,233.56,238.51,27269634,400489,237.812998,47.27,47.72,46.58,47.71,23345252,146486,47.319045,98.5,100.63,97.5705,99.81,19814324,199309,99.527202,22.03,22.03,21.8,21.83,36565,355,21.957311
2023-01-13,132.03,134.92,131.66,539.04,57769049,536939,133.677962,237.002,239.37,234.92,239.23,21321174,299874,237.475196,47.5,48.16,47.49,47.85,18699353,113368,47.871446,99.38,99.6,98.01,99.4,12211055,129082,99.024884,21.55,22.079,21.55,21.98,43622,349,21.948391
2023-01-17,134.83,137.29,134.13,543.76,63758760,596823,135.758775,237.97,240.91,237.09,240.35,29861080,370450,239.671045,46.54,46.74,45.71,46.08,29421508,182697,46.233724,100.32,100.99,98.995,99.91,14894484,146433,100.029688,22.07,22.11,21.89,21.95,53276,439,21.95549
2023-01-18,136.815,138.61,135.03,540.84,69735052,579244,136.330575,241.565,242.38,235.52,235.81,30035238,378180,237.874524,45.545,45.85,44.97,45.0,33850411,212111,45.249268,100.28,101.1299,98.7249,99.04,11391715,123710,99.566653,22.09,22.09,21.9,21.94,81884,329,21.94689
2023-01-19,134.08,136.25,133.77,541.08,58358070,492461,134.965652,233.78,235.52,230.68,231.93,28670724,362473,232.540172,44.72,45.27,44.64,44.96,26619639,123699,44.990616,98.12,99.45,97.12,99.08,10976298,114613,98.649213,21.76,22.0,21.76,21.975,67287,325,21.970781
2023-01-20,135.28,138.02,134.22,551.48,80246596,552231,136.37534,234.855,240.74,234.51,240.22,35529808,364052,238.213442,45.28,45.43,44.725,45.11,25197558,121931,45.022301,100.34,103.5865,99.3015,103.48,14549879,145673,101.809567,21.95,22.19,21.94,22.05,94930,401,22.042487
2023-01-23,138.12,143.315,137.9,564.44,81782578,720202,141.211585,241.1,245.165,239.65,242.58,31959175,413797,242.750685,45.04,45.32,44.82,44.98,19402036,123211,45.055572,103.29,105.9541,102.9209,105.69,11487637,143133,105.007196,21.95,22.11,21.9001,22.05,130368,607,22.007762
2023-01-24,140.305,143.16,140.3,570.12,66537342,500098,142.05092,242.5,243.95,240.44,242.04,41077824,521976,243.762659,44.915,44.95,44.15,44.71,18860046,128122,44.57268,105.39,108.44,102.0,106.0,8610602,109876,106.022448,21.93,22.2,21.9,22.11,62085,369,22.040875
2023-01-25,140.89,142.43,138.81,567.44,65853903,537643,140.753668,234.48,243.3,230.9,240.61,66549464,745861,237.476732,45.03,45.1099,44.585,45.07,20832582,106908,44.957906,104.96,108.16,104.18,108.12,10010666,128494,106.534082,21.93,22.09,21.93,22.03,27136,327,22.030987
2023-01-26,143.17,144.25,141.9,575.84,54133367,473064,143.342998,243.65,248.31,242.0,248.0,33466232,402165,245.411601,44.2,44.3,43.61,44.25,38470838,196494,44.02833,108.17,109.76,107.5701,109.7,9207327,115883,108.69365,22.03,22.1499,22.03,22.09,36124,256,22.069682
2023-01-27,143.155,147.23,143.08,583.72,70563928,560024,145.836598,248.99,249.83,246.83,248.16,26498939,336282,248.393543,44.22,44.34,43.78,43.79,23798610,130626,44.029147,109.26,110.5823,109.16,109.54,10249678,126350,109.89648,22.06,22.1595,22.06,22.125,39507,312,22.097344
2023-01-30,144.955,145.55,142.85,572.0,64035195,551982,143.652231,244.51,245.6,242.2,242.71,25873062,309092,243.216391,43.79,44.135,43.395,43.55,24414980,149239,43.694161,108.26,108.97,107.48,107.59,8549924,109904,108.127091,22.05,22.18,22.05,22.105,50663,270,22.085607
2023-01-31,142.7,144.34,142.28,577.16,65901236,469056,143.647315,243.45,247.95,242.945,247.81,26548747,256333,246.537504,43.0,44.275,42.7,44.16,49746158,228742,43.610502,107.58,108.715,107.45,108.49,8252499,91085,108.259744,22.18,22.1886,22.07,22.12,24566,286,22.114577
2023-02-01,143.97,146.61,141.32,581.72,77771182,695936,143.875311,248.0,255.18,245.47,252.75,31313077,387384,250.321024,43.905,44.18,43.41,43.97,24487678,155438,43.832631,108.5,109.94,106.9,109.39,9980042,131239,108.613929,22.15,22.19,22.05,22.19,76885,408,22.124757
2023-02-02,148.9,151.18,148.17,603.28,118934268,1001832,149.365729,258.82,264.69,257.25,264.6,39970811,534271,261.624237,43.63,44.46,43.5,44.34,35362172,173516,44.057952,110.67,113.53,109.6901,113.21,13104666,170458,112.051463,22.2,22.2,22.05,22.19,33627,355,22.160675
2023-02-03,148.03,157.38,147.83,618.0,154375619,1141351,154.244313,259.542,264.2,257.1,258.35,29095156,408059,259.933278,44.355,44.39,43.88,44.06,23741990,130964,44.106262,111.47,113.1412,110.37,110.71,12472478,149920,111.650716,22.19,22.25,22.1501,22.25,26325,327,22.208322
2023-02-06,152.575,153.1,150.78,606.92,69971158,584464,152.095141,257.44,258.3,254.78,256.77,22526884,276914,256.760203,44.19,44.3,43.725,43.76,18072718,112966,43.897232,110.17,110.43,108.53,109.87,11959271,143695,109.467408,22.17,22.27,22.16,22.2295,43290,336,22.228653
2023-02-07,150.64,155.23,150.64,618.6,83369832,662993,153.420645,260.53,268.775,260.08,267.56,50921498,620174,264.697497,43.82,43.9,43.2506,43.59,23000081,132079,43.579337,109.295,112.12,108.86,111.63,10856508,137266,110.579003,22.32,22.3699,22.22,22.23,18926,224,22.286628
2023-02-08,153.88,154.58,151.168,607.68,64635585,524915,152.407833,273.2,276.76,266.21,266.73,54870828,660196,270.331544,43.55,44.1,43.53,43.98,19365812,111421,43.906803,112.2,113.33,110.29,111.78,27937284,301401,114.025319,22.39,22.39,22.23,22.23,35835,278,22.289408
2023-02-09,153.775,154.33,150.42,603.48,56050506,472901,152.276061,273.8,273.98,262.8,263.62,42402692,472697,267.301401,44.12,44.325,43.24,43.34,20812746,114817,43.643901,118.04,118.18,109.8089,110.36,46168573,418127,114.120581,22.39,22.39,22.23,22.23,20883,245,22.301038
2023-02-10,149.46,151.3401,149.22,604.04,57616163,443407,150.404179,261.53,264.09,260.662,263.1,25828468,334146,262.40292,43.5,43.98,43.26,43.88,18619569,111258,43.815125,108.96,109.74,107.21,108.06,15565987,171314,108.194834,22.34,22.34,22.23,22.25,23947,244,22.275738
2023-02-13,150.952,154.26,150.92,615.4,62241849,507442,153.231292,267.64,274.6,267.15,271.32,44675614,499885,271.443692,43.68,44.01,43.51,43.99,17880330,101962,43.787894,108.1,108.2874,106.55,107.66,12344702,146431,107.57735,22.22,22.3999,22.22,22.31,19625,280,22.318311
2023-02-14,152.12,153.77,150.86,612.8,61776837,529443,152.596091,272.67,274.97,269.28,272.17,37064864,472036,272.036551,44.09,44.2,43.58,43.72,17509298,99973,43.882276,106.82,108.44,105.8205,107.66,10769940,116782,107.49628,22.4,22.4,22.2501,22.4,78124,417,22.351555
2023-02-15,153.11,155.5,152.88,621.32,65704101,521645,154.454035,268.32,270.73,266.18,269.32,28971475,370964,268.425457,43.42,43.61,43.11,43.32,19001089,99859,43.377245,107.09,109.27,106.7,109.24,8167034,109740,108.20322,22.47,22.47,22.33,22.33,58099,262,22.384264
2023-02-16,153.51,156.33,153.3475,614.84,68198046,517226,154.713491,264.02,266.74,261.9,262.15,29699109,390549,264.0978,43.15,43.18,42.77,42.95,17833659,116147,42.95367,107.55,108.02,105.7,105.83,9490021,113956,106.894597,22.56,22.56,22.3501,22.41,66770,313,22.4666
2023-02-17,152.35,153.0,150.85,610.2,59182712,468581,152.045308,259.39,260.09,256.0,258.06,30015953,392724,257.684959,42.89,43.37,42.58,43.21,18293446,116445,43.085717,105.03,105.8,103.88,105.22,9492184,116501,104.752915,22.4,22.602,22.375,22.6,44570,327,22.511158
2023-02-21,150.2,151.3,148.405,593.92,58914102,510373,149.354555,254.48,255.49,251.59,252.67,28429235,341629,253.024237,42.81,42.93,42.62,42.7,17361239,112445,42.763405,103.55,103.73,101.83,102.09,10650913,131909,102.390255,22.5,22.5,22.1315,22.15,44098,420,22.217539
2023-02-22,148.87,149.95,147.16,595.64,51037691,430636,148.549644,254.09,254.34,250.34,251.51,22506473,276817,252.206624,42.72,42.885,42.31,42.38,17398389,109430,42.570934,101.33,102.56,101.09,101.68,9885963,105684,101.840903,22.01,22.255,22.0001,22.03,22393,218,22.11785
2023-02-23,150.09,150.34,147.24,597.6,48412870,425850,148.840918,255.56,256.84,250.48,254.77,29225196,366403,253.940829,42.29,42.75,42.22,42.3,21106652,121361,42.404866,101.45,102.0499,99.605,101.73,10976735,123653,101.023392,22.01,22.2,22.0,22.1432,34997,220,22.073648
2023-02-24,147.11,147.19,145.7202,586.84,55469643,472221,146.386141,249.96,251.0,248.1,249.22,25048983,339812,249.408035,42.03,42.05,41.505,41.75,16806099,111569,41.710071,99.53,100.43,98.96,100.3,8523000,112528,99.908517,22.14,22.14,21.84,21.92,37339,453,21.952423
2023-02-27,147.71,149.17,147.45,591.68,45007197,418716,148.134406,252.46,252.82,249.39,250.16,21201885,267955,250.496206,41.44,41.73,40.73,40.78,26375859,159769,41.050791,100.73,101.47,100.06,100.45,6642437,87940,100.699724,22.49,22.49,22.0,22.15,25594,234,22.213685
2023-02-28,147.05,149.08,146.83,589.64,50575615,385163,147.799188,249.07,251.49,248.73,249.42,22495185,250808,249.778911,40.5,40.7099,40.09,40.57,31099064,171666,40.502865,100.45,100.75,99.57,99.61,8237066,89416,99.876527,22.24,22.24,21.9,21.95,31375,323,21.985112
2023-03-01,146.83,147.2285,145.01,581.24,55536947,462675,145.867492,250.76,250.93,245.79,246.27,27634988,331994,247.437437,40.56,40.76,40.135,40.18,21108079,127151,40.369022,99.19,99.63,98.1,98.54,7905108,100223,98.703828,22.05,22.0599,21.85,21.88,17318,339,21.969589
2023-03-02,144.38,146.71,143.9,583.64,52288660,414038,145.165229,246.55,251.4,245.61,251.11,24885016,317271,248.851543,40.06,40.78,39.805,40.62,19113935,115660,40.389646,97.74,99.29,97.42,98.92,7783809,89993,98.384386,21.71,22.2499,21.71,22.11,48761,476,21.983785
2023-03-03,148.045,151.11,147.33,604.12,70739572,558707,150.030541,252.19,255.62,251.39,255.29,30760136,326868,254.649194,40.91,41.18,40.74,41.15,20922034,113476,41.006522,99.67,101.18,98.88,101.14,7434264,97677,100.479513,22.14,22.392,22.14,22.3867,39995,315,22.254122
2023-03-06,153.785,156.3,153.46,615.32,87605555,692922,154.689,256.425,260.12,255.98,256.87,24126495,304359,257.790242,41.09,41.26,40.82,41.11,19437592,109205,41.088198,101.61,102.695,100.49,100.66,6775095,90044,101.368732,22.38,22.4999,22.168,22.35,106921,287,22.375963
2023-03-07,153.7,154.0299,151.13,606.4,56284401,497298,152.277117,256.3,257.69,253.39,254.15,21482122,331740,254.912999,41.06,41.13,40.1,40.34,23206722,140464,40.378599,100.4,100.94,98.89,99.06,6952992,95487,99.530415,22.24,22.45,22.0295,22.0679,43343,470,22.169546
2023-03-08,152.81,153.47,151.83,611.48,47238140,405959,152.697389,254.04,254.5417,250.81,253.7,17406569,266211,252.804194,40.32,40.5668,39.905,40.12,16757473,115144,40.09551,99.0,99.62,98.3,99.3,5670163,72455,99.057887,22.01,22.28,21.92,22.06,63645,645,22.03248
2023-03-09,153.559,154.535,150.225,602.36,53858855,482155,152.467883,255.82,259.56,251.58,252.32,26670180,379969,255.234754,40.41,40.57,39.31,39.46,18590235,131515,39.757374,99.45,100.05,95.92,96.14,8277929,114673,97.491584,22.038,22.12,21.63,21.63,56034,546,21.906111
2023-03-10,150.21,150.94,147.6096,594.0,68584020,611446,149.07167,251.08,252.79,247.6,248.59,28393880,412571,249.665854,39.29,39.93,39.23,39.39,26328104,173944,39.517671,95.6,95.9,92.83,93.57,13978845,188511,93.934209,21.81,21.896,21.36,21.47,39268,460,21.562761
2023-03-13,147.805,153.14,147.7,601.88,84486565,761405,151.183344,247.4,257.91,245.73,253.92,33403358,444994,253.754483,39.255,40.505,39.255,39.86,35302234,230529,40.017204,91.885,94.0242,90.46,92.6,11917348,161646,92.551182,21.38,21.65,21.0,21.38,53608,451,21.45581
2023-03-14,151.28,153.4,150.1,610.36,75369408,565961,152.227567,256.75,261.07,255.86,260.79,33640999,424867,259.142335,40.05,40.15,39.52,39.9,24586935,134659,39.844366,94.0,94.3,92.34,93.36,10324876,113781,93.382281,21.78,21.7999,21.43,21.74,21509,254,21.6088
2023-03-15,151.19,153.245,149.92,611.96,77191474,704128,151.786431,259.98,266.48,259.21,265.44,46067581,610286,263.740924,39.76,40.53,39.46,40.28,25498919,165938,40.138269,91.63,93.3557,91.41,93.1,9547462,128543,92.498959,21.39,21.5342,21.24,21.44,92227,501,21.350872
2023-03-16,152.16,156.46,151.64,623.4,76301980,676098,154.81187,265.205,276.56,263.28,276.2,54831124,689121,272.517382,40.06,40.49,39.72,40.37,21100883,141686,40.240123,92.67,94.5599,91.89,94.29,9946678,124635,93.696103,21.34,21.789,21.2401,21.748,31549,270,21.499482
2023-03-17,156.08,156.74,154.28,620.0,98410125,609627,155.341646,278.26,283.33,276.3201,279.43,69231892,689908,279.392327,40.625,40.79,39.985,40.1,57194048,155430,40.207975,94.05,94.27,92.91,93.2,12863611,117248,93.414095,21.78,21.8159,21.36,21.49,20161,319,21.534083
2023-03-20,155.07,157.82,154.15,629.6,74601439,629813,156.568241,276.98,277.48,269.85,272.23,43475680,604658,272.013753,40.14,40.86,39.94,40.81,20826434,116596,40.608786,93.43,94.92,93.0,94.22,6658593,92688,94.06033,21.69,21.69,21.27,21.31,16479,268,21.354061
2023-03-21,157.32,159.4,156.54,637.12,73966683,591913,158.340858,274.88,275.0,269.5191,273.78,34579501,425755,272.343247,40.86,40.91,40.31,40.66,19983326,118884,40.575528,95.17,96.85,95.17,96.54,7289022,96037,96.224391,21.79,21.79,21.32,21.49,15233,196,21.471444
2023-03-22,159.3,162.14,157.81,631.32,76210093,657771,159.681719,273.4,281.04,272.18,272.29,34890176,487283,275.82172,40.7,40.85,39.99,40.01,15445010,104818,40.329422,97.45,97.93,94.82,94.9,8813419,106308,96.367886,21.49,21.589,21.3,21.3,17975,216,21.513397
2023-03-23,158.83,161.5501,157.68,635.72,68939159,614270,159.592306,277.94,281.06,275.2,277.66,36610862,447984,278.262222,40.17,40.4972,40.0,40.18,16958146,105469,40.260609,95.28,97.02,94.76,95.83,9527009,115136,96.069389,21.55,21.5799,21.3401,21.4447,20355,293,21.451473
2023-03-24,158.86,160.34,157.85,641.0,59116279,511481,159.235681,277.24,280.63,275.28,280.57,27948740,386081,278.61335,40.09,40.455,39.8748,40.39,17028126,104110,40.24296,94.81,95.0,93.02,94.08,9457954,126847,93.86263,21.5,21.5,21.34,21.37,17429,259,21.390513
2023-03-27,159.94,160.77,157.87,633.12,52405692,519169,159.018597,280.5,281.4589,275.52,276.38,26849497,337265,277.622716,40.54,40.62,39.97,40.22,20262829,112673,40.264885,94.78,96.02,94.38,95.62,7487900,104713,95.258384,21.62,21.62,21.361,21.51,22819,255,21.501169
2023-03-28,157.97,158.49,155.98,630.6,46007145,433125,156.97872,275.79,276.14,272.0451,275.23,21883950,288597,273.833311,40.2,40.3,39.86,39.99,13486211,79068,40.025165,95.51,96.0,94.59,94.82,5405455,78472,95.12085,21.66,21.66,21.49,21.49,22464,325,21.567064
2023-03-29,159.37,161.05,159.35,643.08,51328230,472820,160.216097,278.96,281.1398,278.41,280.51,25096698,312944,279.895658,40.16,40.27,39.99,40.25,14429902,87188,40.169758,96.08,96.91,95.35,96.87,5891701,77813,96.345429,21.6,21.6715,21.5401,21.6,19894,210,21.625353
2023-03-30,161.53,162.47,161.271,649.44,49502003,456154,162.020525,284.23,284.46,281.48,284.05,25053410,338299,283.178802,40.42,40.49,40.25,40.38,12634521,78085,40.35206,98.73,98.92,97.67,98.1,7669482,102079,98.089919,21.82,21.82,21.56,21.62,101073,483,21.651257
2023-03-31,162.44,165.0,161.91,659.04,55959943,568687,163.851052,283.73,288.82,283.0,288.3,26149167,394979,286.069572,40.55,40.83,40.28,40.8,23203057,103372,40.594092,98.89,100.2,98.5,100.13,8791701,100164,99.554327,21.78,21.78,21.58,21.71,38051,375,21.70015
2023-04-03,164.27,166.29,164.22,664.68,56998454,569682,165.348912,286.52,288.27,283.95,287.23,25032780,351325,286.27479,40.69,41.4668,40.65,41.35,20818027,109442,41.257298,100.21,100.43,99.27,99.76,7316207,93113,99.822289,21.82,21.82,21.6,21.7,39603,338,21.787214
2023-04-04,166.595,166.84,165.11,662.52,46323527,456992,165.912926,287.23,290.4499,285.67,287.18,25832186,351835,287.929615,41.44,41.53,40.76,40.9,19514531,117202,40.981528,100.3,100.42,98.76,99.57,6794168,89350,99.465892,21.85,21.85,21.7,21.81,24879,255,21.770211
2023-04-05,164.74,165.05,161.8,655.04,51534760,534317,163.491178,285.85,287.15,282.92,284.34,22074340,315234,284.401587,41.285,42.22,41.17,41.55,29486502,147314,41.772305,99.7,100.18,98.632,99.91,7705408,97727,99.675316,21.9,21.9,21.75,21.81,27727,319,21.801029
2023-04-06,162.43,164.9584,162.0,658.64,45390035,446212,164.025748,283.21,292.08,282.03,291.6,29770363,391332,288.658374,41.93,42.095,41.3743,41.5,25931833,131406,41.568939,99.44,100.32,98.55,99.97,7042486,91244,99.608163,21.7,21.86,21.7,21.84,55023,348,21.779251
2023-04-10,161.42,162.03,160.08,648.12,47791508,564828,161.261844,289.208,289.6,284.71,289.39,23122275,320903,287.727188,41.15,41.74,41.12,41.73,15138845,98244,41.537303,99.3,100.81,98.9,100.81,8019029,116458,100.275738,22.2,22.2,21.79,21.86,47455,356,21.83918
2023-04-11,162.35,162.36,160.51,643.2,47810181,491226,161.128056,285.75,285.98,281.64,282.83,27551016,397918,283.286315,41.8,41.99,41.7,41.79,15305658,89015,41.847959,101.16,101.91,100.29,100.42,7514770,102525,101.032942,21.94,21.94,21.7901,21.88,51663,374,21.859736
2023-04-12,161.22,162.06,159.78,640.4,50164302,515535,160.883893,284.79,287.01,281.96,283.49,27423922,393020,284.46312,41.63,41.79,41.27,41.37,17036706,95198,41.479293,101.25,102.22,97.7,97.94,9298105,118951,99.327012,21.87,21.91,21.82,21.91,25188,278,21.858299
2023-04-13,161.63,165.8,161.42,662.24,68436844,595635,164.353317,283.59,289.9,283.17,289.84,24232451,319819,288.130545,41.53,41.7,41.295,41.47,22880859,114186,41.520518,98.51,101.07,98.51,100.84,8744879,95928,100.426837,21.81,21.93,21.75,21.84,59568,458,21.837493
2023-04-14,164.59,166.32,163.83,660.84,48280881,476387,165.025855,287.0,288.48,283.69,286.14,20319449,312919,285.980215,41.505,41.71,40.93,41.19,20065991,109921,41.184191,100.5,100.86,98.93,99.9,7105675,94736,99.621022,21.84,21.87,21.795,21.8,37136,328,21.851132
2023-04-17,165.09,165.39,164.03,660.92,40669651,474137,164.807277,289.93,291.6,286.16,288.8,23400368,318677,288.280269,41.12,41.28,40.96,41.18,17123767,91849,41.138512,99.57,100.57,99.15,100.3,6542098,88864,99.937498,21.95,21.99,21.81,21.85,25439,353,21.881546
2023-04-18,166.1,167.41,165.65,664.12,23425922,309880,166.344854,291.57,291.755,287.01,287.7,9567537,171684,288.872061,41.28,41.33,40.63,40.6517,6697243,50858,40.870371,100.61,100.94,99.595,100.565,3745914,51439,100.299306,22.0,22.0,21.865,21.93,21224,162,21.899874
